PfDd2_01,annotation,macs2_peak,183100,183100,15,.,.,ap2i_r1_gfp_peak_3a,1,PfDd2_010008900,PF3D7_0105300,CAP,-,PfDd2_010008800,PF3D7_0105200,.,1805,-,PfDd2_010009000,PF3D7_0105400,.,-919,-,,,3.20113,1.53623
PfDd2_01,annotation,macs2_peak,183444,183444,194,.,.,ap2i_r1_gfp_peak_3b,1,.,.,.,,PfDd2_010008900,PF3D7_0105300,CAP,328,-,PfDd2_010009000,PF3D7_0105400,.,-575,-,,,21.71475,19.48664
PfDd2_01,annotation,macs2_peak,184192,184192,754,.,.,ap2i_r1_gfp_peak_3c,1,PfDd2_010009000,PF3D7_0105400,.,-,PfDd2_010008900,PF3D7_0105300,CAP,1076,-,PfDd2_010009100,PF3D7_0105500,.,-1460,-,,,78.30997,75.44263
PfDd2_01,annotation,macs2_peak,184198,184198,171,.,.,ap2i_r3_gfp_peak_1,1,PfDd2_010009000,PF3D7_0105400,.,-,PfDd2_010008900,PF3D7_0105300,CAP,1082,-,PfDd2_010009100,PF3D7_0105500,.,-1454,-,,,20.09642,17.11217
PfDd2_01,annotation,macs2_peak,184223,184223,219,.,.,ap2i_r2_gfp_peak_37,1,PfDd2_010009000,PF3D7_0105400,.,-,PfDd2_010008900,PF3D7_0105300,CAP,1107,-,PfDd2_010009100,PF3D7_0105500,.,-1429,-,,,24.96633,21.98363
PfDd2_01,annotation,macs2_peak,184224,184224,133,.,.,ap2i_r4_gfp_peak_1,1,PfDd2_010009000,PF3D7_0105400,.,-,PfDd2_010008900,PF3D7_0105300,CAP,1108,-,PfDd2_010009100,PF3D7_0105500,.,-1428,-,,,16.34679,13.32703
PfDd2_01,annotation,macs2_peak,184902,184902,260,.,.,ap2i_r2_gfp_peak_38,1,.,.,.,,PfDd2_010009000,PF3D7_0105400,.,278,-,PfDd2_010009100,PF3D7_0105500,.,-750,-,,,29.04638,26.00724
PfDd2_01,annotation,macs2_peak,184918,184918,193,.,.,ap2i_r3_gfp_peak_2,1,.,.,.,,PfDd2_010009000,PF3D7_0105400,.,294,-,PfDd2_010009100,PF3D7_0105500,.,-734,-,,,22.38474,19.34435
PfDd2_01,annotation,macs2_peak,184920,184920,1004,.,.,ap2i_r1_gfp_peak_3d,1,.,.,.,,PfDd2_010009000,PF3D7_0105400,.,296,-,PfDd2_010009100,PF3D7_0105500,.,-732,-,,,103.63299,100.45724
PfDd2_01,annotation,macs2_peak,184920,184920,99,.,.,ap2i_r4_gfp_peak_2,1,.,.,.,,PfDd2_010009000,PF3D7_0105400,.,296,-,PfDd2_010009100,PF3D7_0105500,.,-732,-,,,12.89249,9.97191
PfDd2_02,annotation,macs2_peak,169056,169056,656,.,.,ap2i_r4_gfp_peak_3,1,.,.,.,,PfDd2_020009600,PF3D7_0206800,MSP2,486,-,PfDd2_020009700,PF3D7_0206900,MSP5,-555,-,,,69.84901,65.61454
PfDd2_02,annotation,macs2_peak,169074,169074,1321,.,.,ap2i_r1_gfp_peak_13a,1,.,.,.,,PfDd2_020009600,PF3D7_0206800,MSP2,504,-,PfDd2_020009700,PF3D7_0206900,MSP5,-537,-,,,135.77844,132.11804
PfDd2_02,annotation,macs2_peak,169094,169094,841,.,.,ap2i_r3_gfp_peak_3,1,.,.,.,,PfDd2_020009600,PF3D7_0206800,MSP2,524,-,PfDd2_020009700,PF3D7_0206900,MSP5,-517,-,,,88.12762,84.15490
PfDd2_02,annotation,macs2_peak,169098,169098,850,.,.,ap2i_r2_gfp_peak_139,1,.,.,.,,PfDd2_020009600,PF3D7_0206800,MSP2,528,-,PfDd2_020009700,PF3D7_0206900,MSP5,-513,-,,,88.75965,85.02734
PfDd2_02,annotation,macs2_peak,170288,170288,71,.,.,ap2i_r1_gfp_peak_13b,1,PfDd2_020009700,PF3D7_0206900,MSP5,-,PfDd2_020009600,PF3D7_0206800,MSP2,1718,-,PfDd2_020009800,PF3D7_0207000,MSP4,-1304,-,,,9.10092,7.14378
PfDd2_02,annotation,macs2_peak,173336,173336,62,.,.,ap2i_r3_gfp_peak_4,1,.,.,.,,PfDd2_020009800,PF3D7_0207000,MSP4,785,-,PfDd2_020009900,PF3D7_0207100,.,-2649,+,,,8.96542,6.27631
PfDd2_02,annotation,macs2_peak,173406,173406,548,.,.,ap2i_r1_gfp_peak_14,1,.,.,.,,PfDd2_020009800,PF3D7_0207000,MSP4,855,-,PfDd2_020009900,PF3D7_0207100,.,-2579,+,,,57.47766,54.80614
PfDd2_02,annotation,macs2_peak,173443,173443,51,.,.,ap2i_r2_gfp_peak_140,1,.,.,.,,PfDd2_020009800,PF3D7_0207000,MSP4,892,-,PfDd2_020009900,PF3D7_0207100,.,-2542,+,,,7.35625,5.19830
PfDd2_02,annotation,macs2_peak,173463,173463,56,.,.,ap2i_r4_gfp_peak_4,1,.,.,.,,PfDd2_020009800,PF3D7_0207000,MSP4,912,-,PfDd2_020009900,PF3D7_0207100,.,-2522,+,,,8.39422,5.63731
PfDd2_02,annotation,macs2_peak,200295,200295,38,.,.,ap2i_r2_gfp_peak_149a,1,PfDd2_020010400,PF3D7_0207600,.,-,PfDd2_020010300,PF3D7_0207500,SERA6,3689,-,PfDd2_020010500,PF3D7_0207700,.,-2579,-,,,5.70709,3.88570
PfDd2_02,annotation,macs2_peak,200808,200808,83,.,.,ap2i_r2_gfp_peak_149b,1,PfDd2_020010400,PF3D7_0207600,.,-,PfDd2_020010300,PF3D7_0207500,SERA6,4202,-,PfDd2_020010500,PF3D7_0207700,.,-2066,-,,,10.98734,8.37142
PfDd2_02,annotation,macs2_peak,201540,201540,324,.,.,ap2i_r3_gfp_peak_5a,1,.,.,.,,PfDd2_020010400,PF3D7_0207600,.,485,-,PfDd2_020010500,PF3D7_0207700,.,-1334,-,,,35.68298,32.40429
PfDd2_02,annotation,macs2_peak,201547,201547,1129,.,.,ap2i_r1_gfp_peak_18,1,.,.,.,,PfDd2_020010400,PF3D7_0207600,.,492,-,PfDd2_020010500,PF3D7_0207700,.,-1327,-,,,116.23537,112.90683
PfDd2_02,annotation,macs2_peak,201590,201590,199,.,.,ap2i_r4_gfp_peak_5a,1,.,.,.,,PfDd2_020010400,PF3D7_0207600,.,535,-,PfDd2_020010500,PF3D7_0207700,.,-1284,-,,,23.08011,19.91408
PfDd2_02,annotation,macs2_peak,201621,201621,730,.,.,ap2i_r2_gfp_peak_150,1,.,.,.,,PfDd2_020010400,PF3D7_0207600,.,566,-,PfDd2_020010500,PF3D7_0207700,.,-1253,-,,,76.58208,73.00107
PfDd2_02,annotation,macs2_peak,201909,201909,350,.,.,ap2i_r3_gfp_peak_5b,1,.,.,.,,PfDd2_020010400,PF3D7_0207600,.,854,-,PfDd2_020010500,PF3D7_0207700,.,-965,-,,,38.39288,35.08020
PfDd2_02,annotation,macs2_peak,201926,201926,144,.,.,ap2i_r4_gfp_peak_5b,1,.,.,.,,PfDd2_020010400,PF3D7_0207600,.,871,-,PfDd2_020010500,PF3D7_0207700,.,-948,-,,,17.44758,14.40256
PfDd2_02,annotation,macs2_peak,730574,730574,19,.,.,ap2i_r2_gfp_peak_248a,1,.,.,.,,PfDd2_020023400,PF3D7_0220700,.,3225,+,PfDd2_020023500,PF3D7_0220800,.,-903,+,,,3.20996,1.99510
PfDd2_02,annotation,macs2_peak,730706,730706,45,.,.,ap2i_r4_gfp_peak_7a,1,.,.,.,,PfDd2_020023400,PF3D7_0220700,.,3357,+,PfDd2_020023500,PF3D7_0220800,.,-771,+,,,7.26707,4.56973
PfDd2_02,annotation,macs2_peak,731075,731075,1387,.,.,ap2i_r1_gfp_peak_40,1,.,.,.,,PfDd2_020023400,PF3D7_0220700,.,3726,+,PfDd2_020023500,PF3D7_0220800,.,-402,+,,,142.80846,138.79860
PfDd2_02,annotation,macs2_peak,731088,731088,214,.,.,ap2i_r4_gfp_peak_7b,1,.,.,.,,PfDd2_020023400,PF3D7_0220700,.,3739,+,PfDd2_020023500,PF3D7_0220800,.,-389,+,,,24.67578,21.47537
PfDd2_02,annotation,macs2_peak,731094,731094,646,.,.,ap2i_r3_gfp_peak_8,1,.,.,.,,PfDd2_020023400,PF3D7_0220700,.,3745,+,PfDd2_020023500,PF3D7_0220800,.,-383,+,,,68.29513,64.60933
PfDd2_02,annotation,macs2_peak,731120,731120,816,.,.,ap2i_r2_gfp_peak_248b,1,.,.,.,,PfDd2_020023400,PF3D7_0220700,.,3771,+,PfDd2_020023500,PF3D7_0220800,.,-357,+,,,85.33482,81.63205
PfDd2_03,annotation,macs2_peak,82326,82326,217,.,.,ap2i_r3_gfp_peak_9,1,.,.,.,,PfDd2_030006700,PF3D7_0301700,.,4057,-,PfDd2_030006800,PF3D7_0301800,.,-2384,+,,,24.83231,21.74478
PfDd2_03,annotation,macs2_peak,82336,82336,260,.,.,ap2i_r2_gfp_peak_305,1,.,.,.,,PfDd2_030006700,PF3D7_0301700,.,4067,-,PfDd2_030006800,PF3D7_0301800,.,-2374,+,,,29.04638,26.00724
PfDd2_03,annotation,macs2_peak,82340,82340,424,.,.,ap2i_r4_gfp_peak_8,1,.,.,.,,PfDd2_030006700,PF3D7_0301700,.,4071,-,PfDd2_030006800,PF3D7_0301800,.,-2370,+,,,46.21739,42.44017
PfDd2_03,annotation,macs2_peak,82341,82341,657,.,.,ap2i_r1_gfp_peak_46,1,.,.,.,,PfDd2_030006700,PF3D7_0301700,.,4072,-,PfDd2_030006800,PF3D7_0301800,.,-2369,+,,,68.54698,65.77112
PfDd2_03,annotation,macs2_peak,113066,113066,40,.,.,ap2i_r5_gfp_peak_16,1,.,.,.,,PfDd2_030007400,.,.,4293,-,PfDd2_030007500,PF3D7_0302500,.,-2703,+,,,7.25341,4.00227
PfDd2_03,annotation,macs2_peak,114124,114124,775,.,.,ap2i_r4_gfp_peak_9a,1,.,.,.,,PfDd2_030007400,.,.,5351,-,PfDd2_030007500,PF3D7_0302500,.,-1645,+,,,82.09878,77.58039
PfDd2_03,annotation,macs2_peak,114153,114153,1292,.,.,ap2i_r3_gfp_peak_10a,1,.,.,.,,PfDd2_030007400,.,.,5380,-,PfDd2_030007500,PF3D7_0302500,.,-1616,+,,,133.73917,129.28314
PfDd2_03,annotation,macs2_peak,114207,114207,1435,.,.,ap2i_r1_gfp_peak_48a,1,.,.,.,,PfDd2_030007400,.,.,5434,-,PfDd2_030007500,PF3D7_0302500,.,-1562,+,,,148.42387,143.58755
PfDd2_03,annotation,macs2_peak,114217,114217,1251,.,.,ap2i_r2_gfp_peak_311a,1,.,.,.,,PfDd2_030007400,.,.,5444,-,PfDd2_030007500,PF3D7_0302500,.,-1552,+,,,129.40216,125.16669
PfDd2_03,annotation,macs2_peak,114404,114404,1304,.,.,ap2i_r3_gfp_peak_10b,1,.,.,.,,PfDd2_030007400,.,.,5631,-,PfDd2_030007500,PF3D7_0302500,.,-1365,+,,,134.96904,130.44998
PfDd2_03,annotation,macs2_peak,114459,114459,1396,.,.,ap2i_r2_gfp_peak_311b,1,.,.,.,,PfDd2_030007400,.,.,5686,-,PfDd2_030007500,PF3D7_0302500,.,-1310,+,,,144.27782,139.64076
PfDd2_03,annotation,macs2_peak,114805,114805,1416,.,.,ap2i_r2_gfp_peak_311c,1,.,.,.,,PfDd2_030007400,.,.,6032,-,PfDd2_030007500,PF3D7_0302500,.,-964,+,,,146.79340,141.69394
PfDd2_03,annotation,macs2_peak,114824,114824,1275,.,.,ap2i_r3_gfp_peak_10c,1,.,.,.,,PfDd2_030007400,.,.,6051,-,PfDd2_030007500,PF3D7_0302500,.,-945,+,,,131.92976,127.56802
PfDd2_03,annotation,macs2_peak,114836,114836,1431,.,.,ap2i_r1_gfp_peak_48b,1,.,.,.,,PfDd2_030007400,.,.,6063,-,PfDd2_030007500,PF3D7_0302500,.,-933,+,,,147.39732,143.16992
PfDd2_03,annotation,macs2_peak,115166,115166,1374,.,.,ap2i_r3_gfp_peak_10d,1,.,.,.,,PfDd2_030007400,.,.,6393,-,PfDd2_030007500,PF3D7_0302500,.,-603,+,,,144.31056,137.43294
PfDd2_03,annotation,macs2_peak,115166,115166,1591,.,.,ap2i_r4_gfp_peak_9b,1,.,.,.,,PfDd2_030007400,.,.,6393,-,PfDd2_030007500,PF3D7_0302500,.,-603,+,,,165.45834,159.18282
PfDd2_03,annotation,macs2_peak,115169,115169,1438,.,.,ap2i_r2_gfp_peak_311d,1,.,.,.,,PfDd2_030007400,.,.,6396,-,PfDd2_030007500,PF3D7_0302500,.,-600,+,,,149.95776,143.87495
PfDd2_03,annotation,macs2_peak,116212,116212,13,.,.,ap2i_r1_gfp_peak_48c,1,PfDd2_030007500,PF3D7_0302500,.,+,PfDd2_030007400,.,.,7439,-,PfDd2_030007600,PF3D7_0302600,ABCB4,-5672,+,,,3.01204,1.37519
PfDd2_03,annotation,macs2_peak,677582,677582,171,.,.,ap2i_r2_gfp_peak_406,1,.,.,.,,PfDd2_030022300,.,.,2040,+,PfDd2_030022400,PF3D7_0317300,.,-1251,-,,,20.02772,17.13611
PfDd2_03,annotation,macs2_peak,677592,677592,695,.,.,ap2i_r1_gfp_peak_62a,1,.,.,.,,PfDd2_030022300,.,.,2050,+,PfDd2_030022400,PF3D7_0317300,.,-1241,-,,,72.40806,69.59880
PfDd2_03,annotation,macs2_peak,677594,677594,188,.,.,ap2i_r4_gfp_peak_11,1,.,.,.,,PfDd2_030022300,.,.,2052,+,PfDd2_030022400,PF3D7_0317300,.,-1239,-,,,21.97594,18.83341
PfDd2_03,annotation,macs2_peak,677602,677602,112,.,.,ap2i_r3_gfp_peak_13,1,.,.,.,,PfDd2_030022300,.,.,2060,+,PfDd2_030022400,PF3D7_0317300,.,-1231,-,,,14.12900,11.29031
PfDd2_03,annotation,macs2_peak,678130,678130,128,.,.,ap2i_r1_gfp_peak_62b,1,.,.,.,,PfDd2_030022300,.,.,2588,+,PfDd2_030022400,PF3D7_0317300,.,-703,-,,,14.99386,12.88471
PfDd2_03,annotation,macs2_peak,852328,852328,50,.,.,ap2i_r1_gfp_peak_66a,1,.,.,.,,PfDd2_030025900,PF3D7_0320800,DOZI,1082,+,PfDd2_030026000,PF3D7_0320900,H2A.Z,-1756,+,,,6.95555,5.07046
PfDd2_03,annotation,macs2_peak,852962,852962,104,.,.,ap2i_r4_gfp_peak_12,1,.,.,.,,PfDd2_030025900,PF3D7_0320800,DOZI,1716,+,PfDd2_030026000,PF3D7_0320900,H2A.Z,-1122,+,,,13.41280,10.47019
PfDd2_03,annotation,macs2_peak,852978,852978,958,.,.,ap2i_r1_gfp_peak_66b,1,.,.,.,,PfDd2_030025900,PF3D7_0320800,DOZI,1732,+,PfDd2_030026000,PF3D7_0320900,H2A.Z,-1106,+,,,99.01027,95.89010
PfDd2_03,annotation,macs2_peak,852979,852979,199,.,.,ap2i_r2_gfp_peak_449,1,.,.,.,,PfDd2_030025900,PF3D7_0320800,DOZI,1733,+,PfDd2_030026000,PF3D7_0320900,H2A.Z,-1105,+,,,22.86753,19.92026
PfDd2_03,annotation,macs2_peak,852987,852987,180,.,.,ap2i_r3_gfp_peak_14,1,.,.,.,,PfDd2_030025900,PF3D7_0320800,DOZI,1741,+,PfDd2_030026000,PF3D7_0320900,H2A.Z,-1097,+,,,21.04616,18.04035
PfDd2_03,annotation,macs2_peak,853421,853421,145,.,.,ap2i_r1_gfp_peak_66c,1,.,.,.,,PfDd2_030025900,PF3D7_0320800,DOZI,2175,+,PfDd2_030026000,PF3D7_0320900,H2A.Z,-663,+,,,16.74228,14.59790
PfDd2_04,annotation,macs2_peak,418648,418648,27,.,.,ap2i_r4_gfp_peak_14a,1,.,.,.,,PfDd2_040015000,PF3D7_0409700,.,1216,+,PfDd2_040015100,PF3D7_0409800,.,-475,+,,,5.24974,2.71015
PfDd2_04,annotation,macs2_peak,418661,418661,164,.,.,ap2i_r2_gfp_peak_574,1,.,.,.,,PfDd2_040015000,PF3D7_0409700,.,1229,+,PfDd2_040015100,PF3D7_0409800,.,-462,+,,,19.32726,16.44923
PfDd2_04,annotation,macs2_peak,418664,418664,111,.,.,ap2i_r3_gfp_peak_17,1,.,.,.,,PfDd2_040015000,PF3D7_0409700,.,1232,+,PfDd2_040015100,PF3D7_0409800,.,-459,+,,,14.00622,11.16892
PfDd2_04,annotation,macs2_peak,418675,418675,904,.,.,ap2i_r1_gfp_peak_82,1,.,.,.,,PfDd2_040015000,PF3D7_0409700,.,1243,+,PfDd2_040015100,PF3D7_0409800,.,-448,+,,,93.52093,90.46636
PfDd2_04,annotation,macs2_peak,418703,418703,45,.,.,ap2i_r4_gfp_peak_14b,1,.,.,.,,PfDd2_040015000,PF3D7_0409700,.,1271,+,PfDd2_040015100,PF3D7_0409800,.,-420,+,,,7.26707,4.56973
PfDd2_05,annotation,macs2_peak,88029,88029,100,.,.,ap2i_r2_gfp_peak_734,1,.,.,.,,PfDd2_050006700,PF3D7_0501500,RAP3,477,-,PfDd2_050006800,PF3D7_0501600,RAP2,-1228,-,,,12.77581,10.05934
PfDd2_05,annotation,macs2_peak,88063,88063,94,.,.,ap2i_r3_gfp_peak_20,1,.,.,.,,PfDd2_050006700,PF3D7_0501500,RAP3,511,-,PfDd2_050006800,PF3D7_0501600,RAP2,-1194,-,,,12.23826,9.44988
PfDd2_05,annotation,macs2_peak,88069,88069,91,.,.,ap2i_r4_gfp_peak_15,1,.,.,.,,PfDd2_050006700,PF3D7_0501500,RAP3,517,-,PfDd2_050006800,PF3D7_0501600,RAP2,-1188,-,,,12.06846,9.16704
PfDd2_05,annotation,macs2_peak,88086,88086,770,.,.,ap2i_r1_gfp_peak_100,1,.,.,.,,PfDd2_050006700,PF3D7_0501500,RAP3,534,-,PfDd2_050006800,PF3D7_0501600,RAP2,-1171,-,,,79.92707,77.03567
PfDd2_05,annotation,macs2_peak,90445,90445,37,.,.,ap2i_r1_gfp_peak_101a,1,PfDd2_050006800,PF3D7_0501600,RAP2,-,PfDd2_050006700,PF3D7_0501500,RAP3,2893,-,PfDd2_050006900,PF3D7_0501700,.,-1603,-,,,5.51950,3.70014
PfDd2_05,annotation,macs2_peak,91322,91322,1435,.,.,ap2i_r1_gfp_peak_101b,1,.,.,.,,PfDd2_050006800,PF3D7_0501600,RAP2,869,-,PfDd2_050006900,PF3D7_0501700,.,-726,-,,,147.79645,143.52043
PfDd2_05,annotation,macs2_peak,91327,91327,1080,.,.,ap2i_r3_gfp_peak_21,1,.,.,.,,PfDd2_050006800,PF3D7_0501600,RAP2,874,-,PfDd2_050006900,PF3D7_0501700,.,-721,-,,,112.25599,108.07385
PfDd2_05,annotation,macs2_peak,91328,91328,1146,.,.,ap2i_r2_gfp_peak_735,1,.,.,.,,PfDd2_050006800,PF3D7_0501600,RAP2,875,-,PfDd2_050006900,PF3D7_0501700,.,-720,-,,,118.75301,114.64796
PfDd2_05,annotation,macs2_peak,91346,91346,594,.,.,ap2i_r4_gfp_peak_16,1,.,.,.,,PfDd2_050006800,PF3D7_0501600,RAP2,893,-,PfDd2_050006900,PF3D7_0501700,.,-702,-,,,63.56228,59.45258
PfDd2_05,annotation,macs2_peak,92075,92075,67,.,.,ap2i_r1_gfp_peak_101c,1,PfDd2_050006900,PF3D7_0501700,.,-,PfDd2_050006800,PF3D7_0501600,RAP2,1622,-,PfDd2_050007000,PF3D7_0501800,CAF1,-4515,+,,,8.73032,6.78196
PfDd2_05,annotation,macs2_peak,715728,715728,63,.,.,ap2i_r3_gfp_peak_25,1,.,.,.,,PfDd2_050021700,PF3D7_0516800,ApiAP2,3661,-,PfDd2_050021800,PF3D7_0516900,RPL2,-1789,-,,,9.02252,6.32886
PfDd2_05,annotation,macs2_peak,715777,715777,61,.,.,ap2i_r2_gfp_peak_866a,1,.,.,.,,PfDd2_050021700,PF3D7_0516800,ApiAP2,3710,-,PfDd2_050021800,PF3D7_0516900,RPL2,-1740,-,,,8.44682,6.10258
PfDd2_05,annotation,macs2_peak,715873,715873,64,.,.,ap2i_r2_gfp_peak_866b,1,.,.,.,,PfDd2_050021700,PF3D7_0516800,ApiAP2,3806,-,PfDd2_050021800,PF3D7_0516900,RPL2,-1644,-,,,8.86454,6.46206
PfDd2_05,annotation,macs2_peak,715903,715903,45,.,.,ap2i_r4_gfp_peak_17,1,.,.,.,,PfDd2_050021700,PF3D7_0516800,ApiAP2,3836,-,PfDd2_050021800,PF3D7_0516900,RPL2,-1614,-,,,7.26707,4.56973
PfDd2_05,annotation,macs2_peak,715926,715926,481,.,.,ap2i_r1_gfp_peak_116,1,.,.,.,,PfDd2_050021700,PF3D7_0516800,ApiAP2,3859,-,PfDd2_050021800,PF3D7_0516900,RPL2,-1591,-,,,50.75050,48.15339
PfDd2_05,annotation,macs2_peak,1305518,1305518,245,.,.,ap2i_r3_gfp_peak_27,1,.,.,.,,PfDd2_050036500,.,.,4426,+,PfDd2_050036600,PF3D7_0532100,ETRAMP5,-840,+,,,27.68242,24.54212
PfDd2_05,annotation,macs2_peak,1305522,1305522,952,.,.,ap2i_r1_gfp_peak_130,1,.,.,.,,PfDd2_050036500,.,.,4430,+,PfDd2_050036600,PF3D7_0532100,ETRAMP5,-836,+,,,98.39801,95.28532
PfDd2_05,annotation,macs2_peak,1305523,1305523,188,.,.,ap2i_r4_gfp_peak_20,1,.,.,.,,PfDd2_050036500,.,.,4431,+,PfDd2_050036600,PF3D7_0532100,ETRAMP5,-835,+,,,21.97594,18.83341
PfDd2_05,annotation,macs2_peak,1305524,1305524,423,.,.,ap2i_r2_gfp_peak_981,1,.,.,.,,PfDd2_050036500,.,.,4432,+,PfDd2_050036600,PF3D7_0532100,ETRAMP5,-834,+,,,45.58698,42.34047
PfDd2_06,annotation,macs2_peak,152939,152939,71,.,.,ap2i_r4_gfp_peak_24,1,.,.,.,,PfDd2_060008800,PF3D7_0604100,SIP2,756,-,PfDd2_060008900,PF3D7_0604200,.,-3029,+,,,9.95162,7.12618
PfDd2_06,annotation,macs2_peak,152951,152951,604,.,.,ap2i_r2_gfp_peak_1047,1,.,.,.,,PfDd2_060008800,PF3D7_0604100,SIP2,768,-,PfDd2_060008900,PF3D7_0604200,.,-3017,+,,,63.86367,60.43611
PfDd2_06,annotation,macs2_peak,152966,152966,486,.,.,ap2i_r3_gfp_peak_28,1,.,.,.,,PfDd2_060008800,PF3D7_0604100,SIP2,783,-,PfDd2_060008900,PF3D7_0604200,.,-3002,+,,,52.16127,48.67593
PfDd2_06,annotation,macs2_peak,152978,152978,1194,.,.,ap2i_r1_gfp_peak_133a,1,.,.,.,,PfDd2_060008800,PF3D7_0604100,SIP2,795,-,PfDd2_060008900,PF3D7_0604200,.,-2990,+,,,122.84382,119.42207
PfDd2_06,annotation,macs2_peak,154152,154152,1399,.,.,ap2i_r1_gfp_peak_133b,1,.,.,.,,PfDd2_060008800,PF3D7_0604100,SIP2,1969,-,PfDd2_060008900,PF3D7_0604200,.,-1816,+,,,144.05009,139.99608
PfDd2_06,annotation,macs2_peak,154255,154255,564,.,.,ap2i_r4_gfp_peak_25,1,.,.,.,,PfDd2_060008800,PF3D7_0604100,SIP2,2072,-,PfDd2_060008900,PF3D7_0604200,.,-1713,+,,,60.48697,56.44948
PfDd2_06,annotation,macs2_peak,154266,154266,896,.,.,ap2i_r3_gfp_peak_29,1,.,.,.,,PfDd2_060008800,PF3D7_0604100,SIP2,2083,-,PfDd2_060008900,PF3D7_0604200,.,-1702,+,,,93.71333,89.66843
PfDd2_06,annotation,macs2_peak,154293,154293,1111,.,.,ap2i_r2_gfp_peak_1048,1,.,.,.,,PfDd2_060008800,PF3D7_0604100,SIP2,2110,-,PfDd2_060008900,PF3D7_0604200,.,-1675,+,,,115.24414,111.17542
PfDd2_06,annotation,macs2_peak,155338,155338,76,.,.,ap2i_r1_gfp_peak_133c,1,.,.,.,,PfDd2_060008800,PF3D7_0604100,SIP2,3155,-,PfDd2_060008900,PF3D7_0604200,.,-630,+,,,9.65986,7.68421
PfDd2_06,annotation,macs2_peak,292866,292866,91,.,.,ap2i_r3_gfp_peak_30a,1,.,.,.,,PfDd2_060012400,PF3D7_0607600,SAS6,859,-,PfDd2_060012500,PF3D7_0607700,.,-2997,+,,,11.88668,9.11026
PfDd2_06,annotation,macs2_peak,293242,293242,1062,.,.,ap2i_r1_gfp_peak_137a,1,.,.,.,,PfDd2_060012400,PF3D7_0607600,SAS6,1235,-,PfDd2_060012500,PF3D7_0607700,.,-2621,+,,,109.53816,106.28573
PfDd2_06,annotation,macs2_peak,293246,293246,435,.,.,ap2i_r2_gfp_peak_1077a,1,.,.,.,,PfDd2_060012400,PF3D7_0607600,SAS6,1239,-,PfDd2_060012500,PF3D7_0607700,.,-2617,+,,,46.84554,43.58754
PfDd2_06,annotation,macs2_peak,293257,293257,259,.,.,ap2i_r3_gfp_peak_30b,1,.,.,.,,PfDd2_060012400,PF3D7_0607600,SAS6,1250,-,PfDd2_060012500,PF3D7_0607700,.,-2606,+,,,29.08678,25.92085
PfDd2_06,annotation,macs2_peak,293298,293298,188,.,.,ap2i_r4_gfp_peak_26,1,.,.,.,,PfDd2_060012400,PF3D7_0607600,SAS6,1291,-,PfDd2_060012500,PF3D7_0607700,.,-2565,+,,,21.97594,18.83341
PfDd2_06,annotation,macs2_peak,293609,293609,158,.,.,ap2i_r2_gfp_peak_1077b,1,.,.,.,,PfDd2_060012400,PF3D7_0607600,SAS6,1602,-,PfDd2_060012500,PF3D7_0607700,.,-2254,+,,,18.73794,15.87244
PfDd2_06,annotation,macs2_peak,293655,293655,667,.,.,ap2i_r1_gfp_peak_137b,1,.,.,.,,PfDd2_060012400,PF3D7_0607600,SAS6,1648,-,PfDd2_060012500,PF3D7_0607700,.,-2208,+,,,69.51145,66.72733
PfDd2_06,annotation,macs2_peak,419403,419403,238,.,.,ap2i_r4_gfp_peak_27,1,.,.,.,,PfDd2_060015100,PF3D7_0610200,.,3231,-,PfDd2_060015200,PF3D7_0610400,H3,-910,+,,,27.09023,23.80348
PfDd2_06,annotation,macs2_peak,419433,419433,569,.,.,ap2i_r3_gfp_peak_31a,1,.,.,.,,PfDd2_060015100,PF3D7_0610200,.,3261,-,PfDd2_060015200,PF3D7_0610400,H3,-880,+,,,60.49460,56.90709
PfDd2_06,annotation,macs2_peak,419438,419438,683,.,.,ap2i_r2_gfp_peak_1098a,1,.,.,.,,PfDd2_060015100,PF3D7_0610200,.,3266,-,PfDd2_060015200,PF3D7_0610400,H3,-875,+,,,71.83134,68.31902
PfDd2_06,annotation,macs2_peak,419458,419458,1226,.,.,ap2i_r1_gfp_peak_145a,1,.,.,.,,PfDd2_060015100,PF3D7_0610200,.,3286,-,PfDd2_060015200,PF3D7_0610400,H3,-855,+,,,126.13726,122.67273
PfDd2_06,annotation,macs2_peak,419812,419812,1329,.,.,ap2i_r1_gfp_peak_145b,1,.,.,.,,PfDd2_060015100,PF3D7_0610200,.,3640,-,PfDd2_060015200,PF3D7_0610400,H3,-501,+,,,136.65349,132.95360
PfDd2_06,annotation,macs2_peak,419859,419859,431,.,.,ap2i_r3_gfp_peak_31b,1,.,.,.,,PfDd2_060015100,PF3D7_0610200,.,3687,-,PfDd2_060015200,PF3D7_0610400,H3,-454,+,,,46.54765,43.12947
PfDd2_06,annotation,macs2_peak,419862,419862,755,.,.,ap2i_r2_gfp_peak_1098b,1,.,.,.,,PfDd2_060015100,PF3D7_0610200,.,3690,-,PfDd2_060015200,PF3D7_0610400,H3,-451,+,,,79.12151,75.50110
PfDd2_06,annotation,macs2_peak,419904,419904,100,.,.,ap2i_r4_gfp_peak_28,1,.,.,.,,PfDd2_060015100,PF3D7_0610200,.,3732,-,PfDd2_060015200,PF3D7_0610400,H3,-409,+,,,12.95869,10.02840
PfDd2_06,annotation,macs2_peak,420438,420438,49,.,.,ap2i_r2_gfp_peak_1098c,1,PfDd2_060015200,PF3D7_0610400,H3,+,PfDd2_060015100,PF3D7_0610200,.,4266,-,PfDd2_060015300,.,.,-463,+,,,7.05091,4.94796
PfDd2_06,annotation,macs2_peak,538101,538101,187,.,.,ap2i_r1_gfp_peak_151a,1,.,.,.,,PfDd2_060018600,PF3D7_0613700,.,1411,-,PfDd2_060018700,PF3D7_0613800,ApiAP2,-3273,+,,,21.01486,18.79957
PfDd2_06,annotation,macs2_peak,538416,538416,98,.,.,ap2i_r1_gfp_peak_151b,1,.,.,.,,PfDd2_060018600,PF3D7_0613700,.,1726,-,PfDd2_060018700,PF3D7_0613800,ApiAP2,-2958,+,,,11.85070,9.81262
PfDd2_06,annotation,macs2_peak,538925,538925,615,.,.,ap2i_r1_gfp_peak_151c,1,.,.,.,,PfDd2_060018600,PF3D7_0613700,.,2235,-,PfDd2_060018700,PF3D7_0613800,ApiAP2,-2449,+,,,64.26749,61.53028
PfDd2_06,annotation,macs2_peak,538951,538951,158,.,.,ap2i_r2_gfp_peak_1113a,1,.,.,.,,PfDd2_060018600,PF3D7_0613700,.,2261,-,PfDd2_060018700,PF3D7_0613800,ApiAP2,-2423,+,,,18.73794,15.87244
PfDd2_06,annotation,macs2_peak,539029,539029,21,.,.,ap2i_r4_gfp_peak_29a,1,.,.,.,,PfDd2_060018600,PF3D7_0613700,.,2339,-,PfDd2_060018700,PF3D7_0613800,ApiAP2,-2345,+,,,4.64031,2.17160
PfDd2_06,annotation,macs2_peak,539258,539258,32,.,.,ap2i_r4_gfp_peak_29b,1,.,.,.,,PfDd2_060018600,PF3D7_0613700,.,2568,-,PfDd2_060018700,PF3D7_0613800,ApiAP2,-2116,+,,,5.89137,3.29007
PfDd2_06,annotation,macs2_peak,539342,539342,29,.,.,ap2i_r4_gfp_peak_29c,1,.,.,.,,PfDd2_060018600,PF3D7_0613700,.,2652,-,PfDd2_060018700,PF3D7_0613800,ApiAP2,-2032,+,,,5.56660,2.99539
PfDd2_06,annotation,macs2_peak,539375,539375,150,.,.,ap2i_r2_gfp_peak_1113b,1,.,.,.,,PfDd2_060018600,PF3D7_0613700,.,2685,-,PfDd2_060018700,PF3D7_0613800,ApiAP2,-1999,+,,,17.86825,15.02201
PfDd2_06,annotation,macs2_peak,539408,539408,638,.,.,ap2i_r1_gfp_peak_151d,1,.,.,.,,PfDd2_060018600,PF3D7_0613700,.,2718,-,PfDd2_060018700,PF3D7_0613800,ApiAP2,-1966,+,,,66.63263,63.87410
PfDd2_06,annotation,macs2_peak,539484,539484,57,.,.,ap2i_r3_gfp_peak_32,1,.,.,.,,PfDd2_060018600,PF3D7_0613700,.,2794,-,PfDd2_060018700,PF3D7_0613800,ApiAP2,-1890,+,,,8.39112,5.72311
PfDd2_06,annotation,macs2_peak,539977,539977,369,.,.,ap2i_r1_gfp_peak_151e,1,.,.,.,,PfDd2_060018600,PF3D7_0613700,.,3287,-,PfDd2_060018700,PF3D7_0613800,ApiAP2,-1397,+,,,39.45046,36.98266
PfDd2_06,annotation,macs2_peak,540008,540008,56,.,.,ap2i_r3_gfp_peak_33,1,.,.,.,,PfDd2_060018600,PF3D7_0613700,.,3318,-,PfDd2_060018700,PF3D7_0613800,ApiAP2,-1366,+,,,8.30619,5.64541
PfDd2_06,annotation,macs2_peak,540031,540031,16,.,.,ap2i_r2_gfp_peak_1113c,1,.,.,.,,PfDd2_060018600,PF3D7_0613700,.,3341,-,PfDd2_060018700,PF3D7_0613800,ApiAP2,-1343,+,,,2.80207,1.69704
PfDd2_06,annotation,macs2_peak,716278,716278,33,.,.,ap2i_r4_gfp_peak_31,1,PfDd2_060022500,PF3D7_0617800,H2A,-,PfDd2_060022400,PF3D7_0617700,.,6190,-,PfDd2_060022600,PF3D7_0617900,H3.3,-5780,+,,,5.92514,3.32306
PfDd2_06,annotation,macs2_peak,716340,716340,102,.,.,ap2i_r2_gfp_peak_1145,1,PfDd2_060022500,PF3D7_0617800,H2A,-,PfDd2_060022400,PF3D7_0617700,.,6252,-,PfDd2_060022600,PF3D7_0617900,H3.3,-5718,+,,,13.02539,10.29990
PfDd2_06,annotation,macs2_peak,716362,716362,356,.,.,ap2i_r1_gfp_peak_155a,1,PfDd2_060022500,PF3D7_0617800,H2A,-,PfDd2_060022400,PF3D7_0617700,.,6274,-,PfDd2_060022600,PF3D7_0617900,H3.3,-5696,+,,,38.08160,35.62894
PfDd2_06,annotation,macs2_peak,717001,717001,255,.,.,ap2i_r3_gfp_peak_34a,1,.,.,.,,PfDd2_060022500,PF3D7_0617800,H2A,526,-,PfDd2_060022600,PF3D7_0617900,H3.3,-5057,+,,,28.72578,25.56603
PfDd2_06,annotation,macs2_peak,717014,717014,351,.,.,ap2i_r2_gfp_peak_1146a,1,.,.,.,,PfDd2_060022500,PF3D7_0617800,H2A,539,-,PfDd2_060022600,PF3D7_0617900,H3.3,-5044,+,,,38.31373,35.15359
PfDd2_06,annotation,macs2_peak,717061,717061,1007,.,.,ap2i_r1_gfp_peak_155b,1,.,.,.,,PfDd2_060022500,PF3D7_0617800,H2A,586,-,PfDd2_060022600,PF3D7_0617900,H3.3,-4997,+,,,103.91682,100.73611
PfDd2_06,annotation,macs2_peak,717415,717415,1405,.,.,ap2i_r1_gfp_peak_155c,1,.,.,.,,PfDd2_060022500,PF3D7_0617800,H2A,940,-,PfDd2_060022600,PF3D7_0617900,H3.3,-4643,+,,,144.67233,140.57373
PfDd2_06,annotation,macs2_peak,717438,717438,862,.,.,ap2i_r2_gfp_peak_1146b,1,.,.,.,,PfDd2_060022500,PF3D7_0617800,H2A,963,-,PfDd2_060022600,PF3D7_0617900,H3.3,-4620,+,,,89.97871,86.22917
PfDd2_06,annotation,macs2_peak,717444,717444,695,.,.,ap2i_r3_gfp_peak_34b,1,.,.,.,,PfDd2_060022500,PF3D7_0617800,H2A,969,-,PfDd2_060022600,PF3D7_0617900,H3.3,-4614,+,,,73.34729,69.57211
PfDd2_06,annotation,macs2_peak,717534,717534,238,.,.,ap2i_r4_gfp_peak_32a,1,.,.,.,,PfDd2_060022500,PF3D7_0617800,H2A,1059,-,PfDd2_060022600,PF3D7_0617900,H3.3,-4524,+,,,27.09023,23.80348
PfDd2_06,annotation,macs2_peak,718169,718169,21,.,.,ap2i_r4_gfp_peak_32b,1,.,.,.,,PfDd2_060022500,PF3D7_0617800,H2A,1694,-,PfDd2_060022600,PF3D7_0617900,H3.3,-3889,+,,,4.64031,2.17160
PfDd2_06,annotation,macs2_peak,724527,724527,516,.,.,ap2i_r4_gfp_peak_33,1,.,.,.,,PfDd2_060022600,PF3D7_0617900,H3.3,2059,+,PfDd2_060022700,PF3D7_0618000,.,-1696,+,,,55.59485,51.68930
PfDd2_06,annotation,macs2_peak,724565,724565,124,.,.,ap2i_r2_gfp_peak_1148,1,.,.,.,,PfDd2_060022600,PF3D7_0617900,H3.3,2097,+,PfDd2_060022700,PF3D7_0618000,.,-1658,+,,,15.25128,12.46526
PfDd2_06,annotation,macs2_peak,724567,724567,736,.,.,ap2i_r1_gfp_peak_157a,1,.,.,.,,PfDd2_060022600,PF3D7_0617900,H3.3,2099,+,PfDd2_060022700,PF3D7_0618000,.,-1656,+,,,76.54069,73.68982
PfDd2_06,annotation,macs2_peak,724587,724587,231,.,.,ap2i_r3_gfp_peak_35a,1,.,.,.,,PfDd2_060022600,PF3D7_0617900,H3.3,2119,+,PfDd2_060022700,PF3D7_0618000,.,-1636,+,,,26.22665,23.11628
PfDd2_06,annotation,macs2_peak,725495,725495,59,.,.,ap2i_r4_gfp_peak_34,1,.,.,.,,PfDd2_060022600,PF3D7_0617900,H3.3,3027,+,PfDd2_060022700,PF3D7_0618000,.,-728,+,,,8.75966,5.98587
PfDd2_06,annotation,macs2_peak,725546,725546,770,.,.,ap2i_r3_gfp_peak_35b,1,.,.,.,,PfDd2_060022600,PF3D7_0617900,H3.3,3078,+,PfDd2_060022700,PF3D7_0618000,.,-677,+,,,80.94904,77.07112
PfDd2_06,annotation,macs2_peak,725549,725549,696,.,.,ap2i_r2_gfp_peak_1149a,1,.,.,.,,PfDd2_060022600,PF3D7_0617900,H3.3,3081,+,PfDd2_060022700,PF3D7_0618000,.,-674,+,,,73.13120,69.60001
PfDd2_06,annotation,macs2_peak,725556,725556,1429,.,.,ap2i_r1_gfp_peak_157b,1,.,.,.,,PfDd2_060022600,PF3D7_0617900,H3.3,3088,+,PfDd2_060022700,PF3D7_0618000,.,-667,+,,,147.16054,142.94858
PfDd2_06,annotation,macs2_peak,726268,726268,30,.,.,ap2i_r2_gfp_peak_1149b,1,PfDd2_060022700,PF3D7_0618000,.,+,PfDd2_060022600,PF3D7_0617900,H3.3,3800,+,PfDd2_060022800,PF3D7_0618100,.,-3274,+,,,4.66297,3.08402
PfDd2_06,annotation,macs2_peak,1123367,1123367,260,.,.,ap2i_r4_gfp_peak_35,1,.,.,.,,PfDd2_060032800,PF3D7_0628100,.,1085,-,PfDd2_060032900,PF3D7_0628200,PK4,-5108,+,,,29.47898,26.06408
PfDd2_06,annotation,macs2_peak,1123377,1123377,324,.,.,ap2i_r2_gfp_peak_1204,1,.,.,.,,PfDd2_060032800,PF3D7_0628100,.,1095,-,PfDd2_060032900,PF3D7_0628200,PK4,-5098,+,,,35.61818,32.48954
PfDd2_06,annotation,macs2_peak,1123381,1123381,217,.,.,ap2i_r3_gfp_peak_36,1,.,.,.,,PfDd2_060032800,PF3D7_0628100,.,1099,-,PfDd2_060032900,PF3D7_0628200,PK4,-5094,+,,,24.81560,21.72819
PfDd2_06,annotation,macs2_peak,1123382,1123382,1264,.,.,ap2i_r1_gfp_peak_166a,1,.,.,.,,PfDd2_060032800,PF3D7_0628100,.,1100,-,PfDd2_060032900,PF3D7_0628200,PK4,-5093,+,,,129.98763,126.45443
PfDd2_06,annotation,macs2_peak,1123898,1123898,76,.,.,ap2i_r1_gfp_peak_166b,1,.,.,.,,PfDd2_060032800,PF3D7_0628100,.,1616,-,PfDd2_060032900,PF3D7_0628200,PK4,-4577,+,,,9.57807,7.60336
PfDd2_07,annotation,macs2_peak,191010,191010,49,.,.,ap2i_r3_gfp_peak_37,1,.,.,.,,PfDd2_070008700,PF3D7_0704500,.,1723,-,PfDd2_070008800,PF3D7_0704600,UT,-708,-,,,7.58202,4.95289
PfDd2_07,annotation,macs2_peak,191348,191348,133,.,.,ap2i_r2_gfp_peak_1276a,1,.,.,.,,PfDd2_070008700,PF3D7_0704500,.,2061,-,PfDd2_070008800,PF3D7_0704600,UT,-370,-,,,16.18155,13.37298
PfDd2_07,annotation,macs2_peak,191360,191360,805,.,.,ap2i_r1_gfp_peak_178a,1,.,.,.,,PfDd2_070008700,PF3D7_0704500,.,2073,-,PfDd2_070008800,PF3D7_0704600,UT,-358,-,,,83.51278,80.57831
PfDd2_07,annotation,macs2_peak,191742,191742,172,.,.,ap2i_r4_gfp_peak_38,1,PfDd2_070008800,PF3D7_0704600,UT,-,PfDd2_070008700,PF3D7_0704500,.,2455,-,PfDd2_070008900,.,.,-17283,+,,,20.35584,17.24839
PfDd2_07,annotation,macs2_peak,191765,191765,440,.,.,ap2i_r2_gfp_peak_1276b,1,PfDd2_070008800,PF3D7_0704600,UT,-,PfDd2_070008700,PF3D7_0704500,.,2478,-,PfDd2_070008900,.,.,-17260,+,,,47.26797,44.00487
PfDd2_07,annotation,macs2_peak,191770,191770,184,.,.,ap2i_r3_gfp_peak_38,1,PfDd2_070008800,PF3D7_0704600,UT,-,PfDd2_070008700,PF3D7_0704500,.,2483,-,PfDd2_070008900,.,.,-17255,+,,,21.44293,18.42327
PfDd2_07,annotation,macs2_peak,191778,191778,1046,.,.,ap2i_r1_gfp_peak_178b,1,PfDd2_070008800,PF3D7_0704600,UT,-,PfDd2_070008700,PF3D7_0704500,.,2491,-,PfDd2_070008900,.,.,-17247,+,,,107.84116,104.61232
PfDd2_07,annotation,macs2_peak,313177,313177,1387,.,.,ap2i_r1_gfp_peak_183,1,.,.,.,,PfDd2_070011400,PF3D7_0707200,.,1689,-,PfDd2_070011500,PF3D7_0707300,RAMA,-859,+,,,142.80846,138.79860
PfDd2_07,annotation,macs2_peak,313193,313193,678,.,.,ap2i_r2_gfp_peak_1293,1,.,.,.,,PfDd2_070011400,PF3D7_0707200,.,1705,-,PfDd2_070011500,PF3D7_0707300,RAMA,-843,+,,,71.32543,67.82159
PfDd2_07,annotation,macs2_peak,313219,313219,520,.,.,ap2i_r3_gfp_peak_39,1,.,.,.,,PfDd2_070011400,PF3D7_0707200,.,1731,-,PfDd2_070011500,PF3D7_0707300,RAMA,-817,+,,,55.62234,52.09549
PfDd2_07,annotation,macs2_peak,313246,313246,172,.,.,ap2i_r4_gfp_peak_39,1,.,.,.,,PfDd2_070011400,PF3D7_0707200,.,1758,-,PfDd2_070011500,PF3D7_0707300,RAMA,-790,+,,,20.35584,17.24839
PfDd2_07,annotation,macs2_peak,604954,604954,71,.,.,ap2i_r4_gfp_peak_44a,1,.,.,.,,PfDd2_070017600,PF3D7_0714000,H2B.Z,1052,-,PfDd2_070017700,PF3D7_0714100,.,-2209,-,,,9.95162,7.12618
PfDd2_07,annotation,macs2_peak,604990,604990,121,.,.,ap2i_r3_gfp_peak_40a,1,.,.,.,,PfDd2_070017600,PF3D7_0714000,H2B.Z,1088,-,PfDd2_070017700,PF3D7_0714100,.,-2173,-,,,15.06252,12.19468
PfDd2_07,annotation,macs2_peak,604997,604997,216,.,.,ap2i_r2_gfp_peak_1381a,1,.,.,.,,PfDd2_070017600,PF3D7_0714000,H2B.Z,1095,-,PfDd2_070017700,PF3D7_0714100,.,-2166,-,,,24.63762,21.66007
PfDd2_07,annotation,macs2_peak,605014,605014,867,.,.,ap2i_r1_gfp_peak_187a,1,.,.,.,,PfDd2_070017600,PF3D7_0714000,H2B.Z,1112,-,PfDd2_070017700,PF3D7_0714100,.,-2149,-,,,89.78764,86.77816
PfDd2_07,annotation,macs2_peak,605336,605336,893,.,.,ap2i_r1_gfp_peak_187b,1,.,.,.,,PfDd2_070017600,PF3D7_0714000,H2B.Z,1434,-,PfDd2_070017700,PF3D7_0714100,.,-1827,-,,,92.39034,89.35348
PfDd2_07,annotation,macs2_peak,605343,605343,287,.,.,ap2i_r3_gfp_peak_40b,1,.,.,.,,PfDd2_070017600,PF3D7_0714000,H2B.Z,1441,-,PfDd2_070017700,PF3D7_0714100,.,-1820,-,,,31.94727,28.73096
PfDd2_07,annotation,macs2_peak,605349,605349,274,.,.,ap2i_r2_gfp_peak_1381b,1,.,.,.,,PfDd2_070017600,PF3D7_0714000,H2B.Z,1447,-,PfDd2_070017700,PF3D7_0714100,.,-1814,-,,,30.46085,27.40105
PfDd2_07,annotation,macs2_peak,605405,605405,290,.,.,ap2i_r4_gfp_peak_44b,1,.,.,.,,PfDd2_070017600,PF3D7_0714000,H2B.Z,1503,-,PfDd2_070017700,PF3D7_0714100,.,-1758,-,,,32.55929,29.02870
PfDd2_07,annotation,macs2_peak,631460,631460,127,.,.,ap2i_r3_gfp_peak_41,1,PfDd2_070018300,.,.,+,PfDd2_070018200,PF3D7_0714600,.,1084,+,PfDd2_070018400,.,.,-825,+,,,15.66991,12.78594
PfDd2_07,annotation,macs2_peak,631465,631465,180,.,.,ap2i_r2_gfp_peak_1386,1,PfDd2_070018300,.,.,+,PfDd2_070018200,PF3D7_0714600,.,1089,+,PfDd2_070018400,.,.,-820,+,,,21.00773,18.09685
PfDd2_07,annotation,macs2_peak,631476,631476,118,.,.,ap2i_r4_gfp_peak_45,1,PfDd2_070018300,.,.,+,PfDd2_070018200,PF3D7_0714600,.,1100,+,PfDd2_070018400,.,.,-809,+,,,14.81012,11.82821
PfDd2_07,annotation,macs2_peak,631476,631476,773,.,.,ap2i_r1_gfp_peak_188,1,PfDd2_070018300,.,.,+,PfDd2_070018200,PF3D7_0714600,.,1100,+,PfDd2_070018400,.,.,-809,+,,,80.21402,77.32131
PfDd2_07,annotation,macs2_peak,904608,904608,45,.,.,ap2i_r2_gfp_peak_1433,1,PfDd2_070025600,PF3D7_0722100,.,+,PfDd2_070025500,PF3D7_0722000,.,2541,+,PfDd2_070025700,PF3D7_0722200,RALP1,-1267,+,,,6.57257,4.56317
PfDd2_07,annotation,macs2_peak,905358,905358,587,.,.,ap2i_r3_gfp_peak_42,1,.,.,.,,PfDd2_070025600,PF3D7_0722100,.,578,+,PfDd2_070025700,PF3D7_0722200,RALP1,-517,+,,,62.35669,58.74655
PfDd2_07,annotation,macs2_peak,905369,905369,1292,.,.,ap2i_r1_gfp_peak_192,1,.,.,.,,PfDd2_070025600,PF3D7_0722100,.,589,+,PfDd2_070025700,PF3D7_0722200,RALP1,-506,+,,,132.78937,129.21779
PfDd2_07,annotation,macs2_peak,905370,905370,733,.,.,ap2i_r2_gfp_peak_1434,1,.,.,.,,PfDd2_070025600,PF3D7_0722100,.,590,+,PfDd2_070025700,PF3D7_0722200,RALP1,-505,+,,,76.96893,73.38557
PfDd2_07,annotation,macs2_peak,905371,905371,277,.,.,ap2i_r4_gfp_peak_47,1,.,.,.,,PfDd2_070025600,PF3D7_0722100,.,591,+,PfDd2_070025700,PF3D7_0722200,RALP1,-504,+,,,31.26192,27.77373
PfDd2_08,annotation,macs2_peak,121774,121774,53,.,.,ap2i_r3_gfp_peak_44,1,.,.,.,,PfDd2_080007200,PF3D7_0801800,.,2547,-,PfDd2_080007300,PF3D7_0801900,.,-4300,+,,,8.04503,5.39544
PfDd2_08,annotation,macs2_peak,121797,121797,113,.,.,ap2i_r2_gfp_peak_1556,1,.,.,.,,PfDd2_080007200,PF3D7_0801800,.,2570,-,PfDd2_080007300,PF3D7_0801900,.,-4277,+,,,14.14446,11.38573
PfDd2_08,annotation,macs2_peak,121808,121808,481,.,.,ap2i_r1_gfp_peak_214,1,.,.,.,,PfDd2_080007200,PF3D7_0801800,.,2581,-,PfDd2_080007300,PF3D7_0801900,.,-4266,+,,,50.75050,48.15339
PfDd2_08,annotation,macs2_peak,121822,121822,45,.,.,ap2i_r4_gfp_peak_51,1,.,.,.,,PfDd2_080007200,PF3D7_0801800,.,2595,-,PfDd2_080007300,PF3D7_0801900,.,-4252,+,,,7.26707,4.56973
PfDd2_08,annotation,macs2_peak,589894,589894,128,.,.,ap2i_r1_gfp_peak_230a,1,.,.,.,,PfDd2_080016700,PF3D7_0811600,.,2014,-,PfDd2_080016800,PF3D7_0811700,.,-424,+,,,14.95397,12.84509
PfDd2_08,annotation,macs2_peak,590062,590062,115,.,.,ap2i_r1_gfp_peak_230b,1,.,.,.,,PfDd2_080016700,PF3D7_0811600,.,2182,-,PfDd2_080016800,PF3D7_0811700,.,-256,+,,,13.58420,11.50409
PfDd2_08,annotation,macs2_peak,590584,590584,126,.,.,ap2i_r4_gfp_peak_52,1,PfDd2_080016800,PF3D7_0811700,.,+,PfDd2_080016700,PF3D7_0811600,.,2704,-,PfDd2_080016900,PF3D7_0811800,.,-3559,-,,,15.67361,12.67498
PfDd2_08,annotation,macs2_peak,590594,590594,294,.,.,ap2i_r2_gfp_peak_1646,1,PfDd2_080016800,PF3D7_0811700,.,+,PfDd2_080016700,PF3D7_0811600,.,2714,-,PfDd2_080016900,PF3D7_0811800,.,-3549,-,,,32.54708,29.46071
PfDd2_08,annotation,macs2_peak,590596,590596,924,.,.,ap2i_r1_gfp_peak_230c,1,PfDd2_080016800,PF3D7_0811700,.,+,PfDd2_080016700,PF3D7_0811600,.,2716,-,PfDd2_080016900,PF3D7_0811800,.,-3547,-,,,95.57365,92.49854
PfDd2_08,annotation,macs2_peak,590606,590606,146,.,.,ap2i_r3_gfp_peak_46,1,PfDd2_080016800,PF3D7_0811700,.,+,PfDd2_080016700,PF3D7_0811600,.,2726,-,PfDd2_080016900,PF3D7_0811800,.,-3537,-,,,17.54635,14.61691
PfDd2_08,annotation,macs2_peak,1012164,1012164,276,.,.,ap2i_r3_gfp_peak_49,1,.,.,.,,PfDd2_080028100,PF3D7_0822900,.,1037,-,PfDd2_080028200,PF3D7_0823000,VPS15,-589,-,,,30.85839,27.65755
PfDd2_08,annotation,macs2_peak,1012186,1012186,299,.,.,ap2i_r2_gfp_peak_1704,1,.,.,.,,PfDd2_080028100,PF3D7_0822900,.,1059,-,PfDd2_080028200,PF3D7_0823000,VPS15,-567,-,,,32.99987,29.90549
PfDd2_08,annotation,macs2_peak,1012190,1012190,1035,.,.,ap2i_r1_gfp_peak_246,1,.,.,.,,PfDd2_080028100,PF3D7_0822900,.,1063,-,PfDd2_080028200,PF3D7_0823000,VPS15,-563,-,,,106.71485,103.50215
PfDd2_08,annotation,macs2_peak,1012210,1012210,150,.,.,ap2i_r4_gfp_peak_55,1,.,.,.,,PfDd2_080028100,PF3D7_0822900,.,1083,-,PfDd2_080028200,PF3D7_0823000,VPS15,-543,-,,,18.15243,15.09535
PfDd2_08,annotation,macs2_peak,1259272,1259272,386,.,.,ap2i_r2_gfp_peak_1753,1,PfDd2_080034600,PF3D7_0829500,.,-,PfDd2_080034500,PF3D7_0829400,.,1102,-,PfDd2_080034700,PF3D7_0829600,ETRAMP8,-9040,+,,,41.88987,38.68859
PfDd2_08,annotation,macs2_peak,1259282,1259282,795,.,.,ap2i_r1_gfp_peak_251,1,PfDd2_080034600,PF3D7_0829500,.,-,PfDd2_080034500,PF3D7_0829400,.,1112,-,PfDd2_080034700,PF3D7_0829600,ETRAMP8,-9030,+,,,82.48262,79.56027
PfDd2_08,annotation,macs2_peak,1259320,1259320,271,.,.,ap2i_r3_gfp_peak_50,1,PfDd2_080034600,PF3D7_0829500,.,-,PfDd2_080034500,PF3D7_0829400,.,1150,-,PfDd2_080034700,PF3D7_0829600,ETRAMP8,-8992,+,,,30.33734,27.14926
PfDd2_08,annotation,macs2_peak,1259322,1259322,221,.,.,ap2i_r4_gfp_peak_56,1,PfDd2_080034600,PF3D7_0829500,.,-,PfDd2_080034500,PF3D7_0829400,.,1152,-,PfDd2_080034700,PF3D7_0829600,ETRAMP8,-8990,+,,,25.34446,22.11896
PfDd2_09,annotation,macs2_peak,133081,133081,308,.,.,ap2i_r1_gfp_peak_260,1,.,.,.,,PfDd2_090008500,PF3D7_0903200,RAB7,2759,-,PfDd2_090008600,PF3D7_0903300,.,-2620,+,,,33.19418,30.80324
PfDd2_09,annotation,macs2_peak,133114,133114,39,.,.,ap2i_r4_gfp_peak_58,1,.,.,.,,PfDd2_090008500,PF3D7_0903200,RAB7,2792,-,PfDd2_090008600,PF3D7_0903300,.,-2587,+,,,6.56415,3.91067
PfDd2_09,annotation,macs2_peak,133270,133270,64,.,.,ap2i_r2_gfp_peak_1795,1,.,.,.,,PfDd2_090008500,PF3D7_0903200,RAB7,2948,-,PfDd2_090008600,PF3D7_0903300,.,-2431,+,,,8.83490,6.44523
PfDd2_09,annotation,macs2_peak,133273,133273,57,.,.,ap2i_r3_gfp_peak_51,1,.,.,.,,PfDd2_090008500,PF3D7_0903200,RAB7,2951,-,PfDd2_090008600,PF3D7_0903300,.,-2428,+,,,8.39112,5.72311
PfDd2_09,annotation,macs2_peak,269123,269123,37,.,.,ap2i_r3_gfp_peak_52,1,PfDd2_090010700,PF3D7_0905400,RhopH3,-,PfDd2_090010500,PF3D7_0905200,.,25719,-,PfDd2_090010800,PF3D7_0905500,.,-3687,+,,,6.25806,3.70050
PfDd2_09,annotation,macs2_peak,269147,269147,138,.,.,ap2i_r2_gfp_peak_1830,1,PfDd2_090010700,PF3D7_0905400,RhopH3,-,PfDd2_090010500,PF3D7_0905200,.,25743,-,PfDd2_090010800,PF3D7_0905500,.,-3663,+,,,16.67338,13.85731
PfDd2_09,annotation,macs2_peak,269154,269154,443,.,.,ap2i_r1_gfp_peak_263a,1,PfDd2_090010700,PF3D7_0905400,RhopH3,-,PfDd2_090010500,PF3D7_0905200,.,25750,-,PfDd2_090010800,PF3D7_0905500,.,-3656,+,,,46.93087,44.37452
PfDd2_09,annotation,macs2_peak,269924,269924,42,.,.,ap2i_r4_gfp_peak_59a,1,.,.,.,,PfDd2_090010700,PF3D7_0905400,RhopH3,658,-,PfDd2_090010800,PF3D7_0905500,.,-2886,+,,,6.91190,4.23548
PfDd2_09,annotation,macs2_peak,270412,270412,1175,.,.,ap2i_r2_gfp_peak_1831,1,.,.,.,,PfDd2_090010700,PF3D7_0905400,RhopH3,1146,-,PfDd2_090010800,PF3D7_0905500,.,-2398,+,,,121.65704,117.51556
PfDd2_09,annotation,macs2_peak,270420,270420,1006,.,.,ap2i_r3_gfp_peak_53,1,.,.,.,,PfDd2_090010700,PF3D7_0905400,RhopH3,1154,-,PfDd2_090010800,PF3D7_0905500,.,-2390,+,,,104.81483,100.68513
PfDd2_09,annotation,macs2_peak,270428,270428,671,.,.,ap2i_r4_gfp_peak_59b,1,.,.,.,,PfDd2_090010700,PF3D7_0905400,RhopH3,1162,-,PfDd2_090010800,PF3D7_0905500,.,-2382,+,,,71.44818,67.17120
PfDd2_09,annotation,macs2_peak,270449,270449,1435,.,.,ap2i_r1_gfp_peak_263b,1,.,.,.,,PfDd2_090010700,PF3D7_0905400,RhopH3,1183,-,PfDd2_090010800,PF3D7_0905500,.,-2361,+,,,149.68150,143.58755
PfDd2_09,annotation,macs2_peak,739522,739522,121,.,.,ap2i_r3_gfp_peak_55,1,.,.,.,,PfDd2_090023100,PF3D7_0918000,GAP50,1403,-,PfDd2_090023200,PF3D7_0918100,.,-2096,+,,,15.06252,12.19468
PfDd2_09,annotation,macs2_peak,739548,739548,795,.,.,ap2i_r1_gfp_peak_280,1,.,.,.,,PfDd2_090023100,PF3D7_0918000,GAP50,1429,-,PfDd2_090023200,PF3D7_0918100,.,-2070,+,,,82.48262,79.56027
PfDd2_09,annotation,macs2_peak,739549,739549,83,.,.,ap2i_r4_gfp_peak_61,1,.,.,.,,PfDd2_090023100,PF3D7_0918000,GAP50,1430,-,PfDd2_090023200,PF3D7_0918100,.,-2069,+,,,11.20274,8.33213
PfDd2_09,annotation,macs2_peak,739578,739578,128,.,.,ap2i_r2_gfp_peak_1881,1,.,.,.,,PfDd2_090023100,PF3D7_0918000,GAP50,1459,-,PfDd2_090023200,PF3D7_0918100,.,-2040,+,,,15.67976,12.88198
PfDd2_09,annotation,macs2_peak,1054104,1054104,490,.,.,ap2i_r1_gfp_peak_288a,1,.,.,.,,PfDd2_090031100,PF3D7_0926100,.,2872,-,PfDd2_090031200,PF3D7_0926200,.,-2317,+,,,51.61453,49.00688
PfDd2_09,annotation,macs2_peak,1054106,1054106,121,.,.,ap2i_r3_gfp_peak_56a,1,.,.,.,,PfDd2_090031100,PF3D7_0926100,.,2874,-,PfDd2_090031200,PF3D7_0926200,.,-2315,+,,,15.06252,12.19468
PfDd2_09,annotation,macs2_peak,1054117,1054117,291,.,.,ap2i_r2_gfp_peak_1933a,1,.,.,.,,PfDd2_090031100,PF3D7_0926100,.,2885,-,PfDd2_090031200,PF3D7_0926200,.,-2304,+,,,32.26626,29.18121
PfDd2_09,annotation,macs2_peak,1054450,1054450,179,.,.,ap2i_r2_gfp_peak_1933b,1,.,.,.,,PfDd2_090031100,PF3D7_0926100,.,3218,-,PfDd2_090031200,PF3D7_0926200,.,-1971,+,,,20.83381,17.92439
PfDd2_09,annotation,macs2_peak,1054488,1054488,127,.,.,ap2i_r3_gfp_peak_56b,1,.,.,.,,PfDd2_090031100,PF3D7_0926100,.,3256,-,PfDd2_090031200,PF3D7_0926200,.,-1933,+,,,15.60303,12.71986
PfDd2_09,annotation,macs2_peak,1054501,1054501,447,.,.,ap2i_r1_gfp_peak_288b,1,.,.,.,,PfDd2_090031100,PF3D7_0926100,.,3269,-,PfDd2_090031200,PF3D7_0926200,.,-1920,+,,,47.34970,44.78912
PfDd2_09,annotation,macs2_peak,1054657,1054657,49,.,.,ap2i_r4_gfp_peak_62,1,.,.,.,,PfDd2_090031100,PF3D7_0926100,.,3425,-,PfDd2_090031200,PF3D7_0926200,.,-1764,+,,,7.62954,4.91084
PfDd2_09,annotation,macs2_peak,1115160,1115160,127,.,.,ap2i_r4_gfp_peak_63,1,.,.,.,,PfDd2_090032500,PF3D7_0927500,.,568,-,PfDd2_090032600,PF3D7_0927600,.,-1942,+,,,15.77010,12.76347
PfDd2_09,annotation,macs2_peak,1115170,1115170,146,.,.,ap2i_r2_gfp_peak_1946,1,.,.,.,,PfDd2_090032500,PF3D7_0927500,.,578,-,PfDd2_090032600,PF3D7_0927600,.,-1932,+,,,17.53147,14.69655
PfDd2_09,annotation,macs2_peak,1115180,1115180,876,.,.,ap2i_r1_gfp_peak_290,1,.,.,.,,PfDd2_090032500,PF3D7_0927500,.,588,-,PfDd2_090032600,PF3D7_0927600,.,-1922,+,,,90.64597,87.62894
PfDd2_09,annotation,macs2_peak,1115233,1115233,27,.,.,ap2i_r3_gfp_peak_57,1,.,.,.,,PfDd2_090032500,PF3D7_0927500,.,641,-,PfDd2_090032600,PF3D7_0927600,.,-1869,+,,,5.26874,2.77580
PfDd2_09,annotation,macs2_peak,1128274,1128274,363,.,.,ap2i_r1_gfp_peak_291a,1,.,.,.,,PfDd2_090032900,PF3D7_0927900,PSD,2951,-,PfDd2_090033000,PF3D7_0928000,COX6B,-374,+,,,38.85654,36.39440
PfDd2_09,annotation,macs2_peak,1128719,1128719,947,.,.,ap2i_r1_gfp_peak_291b,1,PfDd2_090033000,PF3D7_0928000,COX6B,+,PfDd2_090032900,PF3D7_0927900,PSD,3396,-,PfDd2_090033100,PF3D7_0928100,.,-1370,-,,,97.85187,94.74613
PfDd2_09,annotation,macs2_peak,1128730,1128730,309,.,.,ap2i_r3_gfp_peak_58,1,PfDd2_090033000,PF3D7_0928000,COX6B,+,PfDd2_090032900,PF3D7_0927900,PSD,3407,-,PfDd2_090033100,PF3D7_0928100,.,-1359,-,,,34.16934,30.91521
PfDd2_09,annotation,macs2_peak,1128745,1128745,270,.,.,ap2i_r2_gfp_peak_1950,1,PfDd2_090033000,PF3D7_0928000,COX6B,+,PfDd2_090032900,PF3D7_0927900,PSD,3422,-,PfDd2_090033100,PF3D7_0928100,.,-1344,-,,,30.10472,27.05017
PfDd2_09,annotation,macs2_peak,1128794,1128794,238,.,.,ap2i_r4_gfp_peak_64,1,PfDd2_090033000,PF3D7_0928000,COX6B,+,PfDd2_090032900,PF3D7_0927900,PSD,3471,-,PfDd2_090033100,PF3D7_0928100,.,-1295,-,,,27.09023,23.80348
PfDd2_09,annotation,macs2_peak,1129146,1129146,197,.,.,ap2i_r1_gfp_peak_291c,1,PfDd2_090033000,PF3D7_0928000,COX6B,+,PfDd2_090032900,PF3D7_0927900,PSD,3823,-,PfDd2_090033100,PF3D7_0928100,.,-943,-,,,22.02386,19.79090
PfDd2_09,annotation,macs2_peak,1167063,1167063,113,.,.,ap2i_r4_gfp_peak_65,1,.,.,.,,PfDd2_090034400,PF3D7_0929300,.,486,+,PfDd2_090034500,PF3D7_0929400,RhopH2,-1251,+,,,14.33858,11.36960
PfDd2_09,annotation,macs2_peak,1167068,1167068,750,.,.,ap2i_r2_gfp_peak_1958,1,.,.,.,,PfDd2_090034400,PF3D7_0929300,.,491,+,PfDd2_090034500,PF3D7_0929400,RhopH2,-1246,+,,,78.68631,75.07344
PfDd2_09,annotation,macs2_peak,1167099,1167099,576,.,.,ap2i_r3_gfp_peak_59,1,.,.,.,,PfDd2_090034400,PF3D7_0929300,.,522,+,PfDd2_090034500,PF3D7_0929400,RhopH2,-1215,+,,,61.25234,57.65553
PfDd2_09,annotation,macs2_peak,1167159,1167159,1347,.,.,ap2i_r1_gfp_peak_292,1,.,.,.,,PfDd2_090034400,PF3D7_0929300,.,582,+,PfDd2_090034500,PF3D7_0929400,RhopH2,-1155,+,,,138.49046,134.73605
PfDd2_09,annotation,macs2_peak,1192408,1192408,13,.,.,ap2i_r1_gfp_peak_293a,1,.,.,.,,PfDd2_090035300,PF3D7_0930200,LRR8,991,-,PfDd2_090035400,PF3D7_0930300,MSP1,-2344,+,,,2.97918,1.34438
PfDd2_09,annotation,macs2_peak,1192695,1192695,24,.,.,ap2i_r1_gfp_peak_293b,1,.,.,.,,PfDd2_090035300,PF3D7_0930200,LRR8,1278,-,PfDd2_090035400,PF3D7_0930300,MSP1,-2057,+,,,4.24337,2.49358
PfDd2_09,annotation,macs2_peak,1193829,1193829,864,.,.,ap2i_r2_gfp_peak_1961,1,.,.,.,,PfDd2_090035300,PF3D7_0930200,LRR8,2412,-,PfDd2_090035400,PF3D7_0930300,MSP1,-923,+,,,90.16046,86.40692
PfDd2_09,annotation,macs2_peak,1193838,1193838,793,.,.,ap2i_r3_gfp_peak_60,1,.,.,.,,PfDd2_090035300,PF3D7_0930200,LRR8,2421,-,PfDd2_090035400,PF3D7_0930300,MSP1,-914,+,,,83.28027,79.36280
PfDd2_09,annotation,macs2_peak,1193868,1193868,1384,.,.,ap2i_r1_gfp_peak_293c,1,.,.,.,,PfDd2_090035300,PF3D7_0930200,LRR8,2451,-,PfDd2_090035400,PF3D7_0930300,MSP1,-884,+,,,142.36331,138.40970
PfDd2_09,annotation,macs2_peak,1193871,1193871,737,.,.,ap2i_r4_gfp_peak_66,1,.,.,.,,PfDd2_090035300,PF3D7_0930200,LRR8,2454,-,PfDd2_090035400,PF3D7_0930300,MSP1,-881,+,,,78.25130,73.79805
PfDd2_09,annotation,macs2_peak,1204214,1204214,62,.,.,ap2i_r3_gfp_peak_61,1,PfDd2_090035500,PF3D7_0930400,.,+,PfDd2_090035400,PF3D7_0930300,MSP1,4348,+,PfDd2_090035600,PF3D7_0930500,DGK1,-800,-,,,8.93990,6.25135
PfDd2_09,annotation,macs2_peak,1204216,1204216,48,.,.,ap2i_r4_gfp_peak_67,1,PfDd2_090035500,PF3D7_0930400,.,+,PfDd2_090035400,PF3D7_0930300,MSP1,4350,+,PfDd2_090035600,PF3D7_0930500,DGK1,-798,-,,,7.60199,4.89779
PfDd2_09,annotation,macs2_peak,1204237,1204237,52,.,.,ap2i_r2_gfp_peak_1963,1,PfDd2_090035500,PF3D7_0930400,.,+,PfDd2_090035400,PF3D7_0930300,MSP1,4371,+,PfDd2_090035600,PF3D7_0930500,DGK1,-777,-,,,7.39566,5.23317
PfDd2_09,annotation,macs2_peak,1204248,1204248,588,.,.,ap2i_r1_gfp_peak_295,1,PfDd2_090035500,PF3D7_0930400,.,+,PfDd2_090035400,PF3D7_0930300,MSP1,4382,+,PfDd2_090035600,PF3D7_0930500,DGK1,-766,-,,,61.51928,58.80793
PfDd2_09,annotation,macs2_peak,1353062,1353062,274,.,.,ap2i_r2_gfp_peak_1980,1,.,.,.,,PfDd2_090040000,PF3D7_0934700,.,2148,+,PfDd2_090040100,PF3D7_0934800,PKAc,-507,+,,,30.46085,27.40105
PfDd2_09,annotation,macs2_peak,1353069,1353069,1029,.,.,ap2i_r1_gfp_peak_304,1,.,.,.,,PfDd2_090040000,PF3D7_0934700,.,2155,+,PfDd2_090040100,PF3D7_0934800,PKAc,-500,+,,,106.15315,102.94575
PfDd2_09,annotation,macs2_peak,1353072,1353072,122,.,.,ap2i_r4_gfp_peak_68,1,.,.,.,,PfDd2_090040000,PF3D7_0934700,.,2158,+,PfDd2_090040100,PF3D7_0934800,PKAc,-497,+,,,15.28731,12.29222
PfDd2_09,annotation,macs2_peak,1353074,1353074,201,.,.,ap2i_r3_gfp_peak_63,1,.,.,.,,PfDd2_090040000,PF3D7_0934700,.,2160,+,PfDd2_090040100,PF3D7_0934800,PKAc,-495,+,,,23.25542,20.19957
PfDd2_09,annotation,macs2_peak,1366036,1366036,293,.,.,ap2i_r1_gfp_peak_305,1,.,.,.,,PfDd2_090040600,PF3D7_0935300,.,625,+,PfDd2_090040700,PF3D7_0935400,GDV1,-3588,+,,,31.74381,29.37045
PfDd2_09,annotation,macs2_peak,1366056,1366056,53,.,.,ap2i_r3_gfp_peak_64,1,.,.,.,,PfDd2_090040600,PF3D7_0935300,.,645,+,PfDd2_090040700,PF3D7_0935400,GDV1,-3568,+,,,7.98187,5.33285
PfDd2_09,annotation,macs2_peak,1366288,1366288,35,.,.,ap2i_r4_gfp_peak_69,1,.,.,.,,PfDd2_090040600,PF3D7_0935300,.,877,+,PfDd2_090040700,PF3D7_0935400,GDV1,-3336,+,,,6.22393,3.59530
PfDd2_09,annotation,macs2_peak,1388480,1388480,418,.,.,ap2i_r1_gfp_peak_311,1,.,.,.,,PfDd2_090040700,PF3D7_0935400,GDV1,17057,+,PfDd2_090040800,PF3D7_0935500,GEXP22,-3347,+,,,44.34070,41.81658
PfDd2_09,annotation,macs2_peak,1388497,1388497,232,.,.,ap2i_r4_gfp_peak_73,1,.,.,.,,PfDd2_090040700,PF3D7_0935400,GDV1,17074,+,PfDd2_090040800,PF3D7_0935500,GEXP22,-3330,+,,,26.50389,23.23901
PfDd2_09,annotation,macs2_peak,1388509,1388509,136,.,.,ap2i_r3_gfp_peak_65,1,.,.,.,,PfDd2_090040700,PF3D7_0935400,GDV1,17086,+,PfDd2_090040800,PF3D7_0935500,GEXP22,-3318,+,,,16.59709,13.68966
PfDd2_09,annotation,macs2_peak,1388529,1388529,38,.,.,ap2i_r2_gfp_peak_1985,1,.,.,.,,PfDd2_090040700,PF3D7_0935400,GDV1,17106,+,PfDd2_090040800,PF3D7_0935500,GEXP22,-3298,+,,,5.61481,3.80706
PfDd2_09,annotation,macs2_peak,1403840,1403840,166,.,.,ap2i_r3_gfp_peak_66a,1,.,.,.,,PfDd2_090041000,PF3D7_0935700,.,2771,+,PfDd2_090041100,PF3D7_0935800,.,-1008,+,,,19.57581,16.60444
PfDd2_09,annotation,macs2_peak,1403878,1403878,274,.,.,ap2i_r2_gfp_peak_1988,1,.,.,.,,PfDd2_090041000,PF3D7_0935700,.,2809,+,PfDd2_090041100,PF3D7_0935800,.,-970,+,,,30.47369,27.41372
PfDd2_09,annotation,macs2_peak,1404040,1404040,901,.,.,ap2i_r1_gfp_peak_313,1,.,.,.,,PfDd2_090041000,PF3D7_0935700,.,2971,+,PfDd2_090041100,PF3D7_0935800,.,-808,+,,,93.24542,90.19611
PfDd2_09,annotation,macs2_peak,1404113,1404113,134,.,.,ap2i_r3_gfp_peak_66b,1,.,.,.,,PfDd2_090041000,PF3D7_0935700,.,3044,+,PfDd2_090041100,PF3D7_0935800,.,-735,+,,,16.39411,13.49332
PfDd2_09,annotation,macs2_peak,1404119,1404119,86,.,.,ap2i_r4_gfp_peak_74,1,.,.,.,,PfDd2_090041000,PF3D7_0935700,.,3050,+,PfDd2_090041100,PF3D7_0935800,.,-729,+,,,11.49582,8.62136
PfDd2_10,annotation,macs2_peak,70376,70376,24,.,.,ap2i_r3_gfp_peak_67,1,.,.,.,,PfDd2_100007100,PF3D7_1001700,.,281,-,PfDd2_100007200,PF3D7_1001800,.,-2320,-,,,4.89299,2.43272
PfDd2_10,annotation,macs2_peak,70388,70388,257,.,.,ap2i_r1_gfp_peak_315,1,.,.,.,,PfDd2_100007100,PF3D7_1001700,.,293,-,PfDd2_100007200,PF3D7_1001800,.,-2308,-,,,28.08331,25.75891
PfDd2_10,annotation,macs2_peak,70672,70672,45,.,.,ap2i_r4_gfp_peak_76,1,.,.,.,,PfDd2_100007100,PF3D7_1001700,.,577,-,PfDd2_100007200,PF3D7_1001800,.,-2024,-,,,7.26707,4.56973
PfDd2_10,annotation,macs2_peak,282383,282383,169,.,.,ap2i_r3_gfp_peak_71,1,.,.,.,,PfDd2_100013100,PF3D7_1007700,ApiAP2,1612,-,PfDd2_100013200,PF3D7_1007800,.,-3889,-,,,19.91063,16.92788
PfDd2_10,annotation,macs2_peak,282395,282395,194,.,.,ap2i_r2_gfp_peak_2052,1,.,.,.,,PfDd2_100013100,PF3D7_1007700,ApiAP2,1624,-,PfDd2_100013200,PF3D7_1007800,.,-3877,-,,,22.38693,19.44670
PfDd2_10,annotation,macs2_peak,282415,282415,606,.,.,ap2i_r1_gfp_peak_322a,1,.,.,.,,PfDd2_100013100,PF3D7_1007700,ApiAP2,1644,-,PfDd2_100013200,PF3D7_1007800,.,-3857,-,,,63.33012,60.60142
PfDd2_10,annotation,macs2_peak,282419,282419,177,.,.,ap2i_r4_gfp_peak_81,1,.,.,.,,PfDd2_100013100,PF3D7_1007700,ApiAP2,1648,-,PfDd2_100013200,PF3D7_1007800,.,-3853,-,,,20.89099,17.77193
PfDd2_10,annotation,macs2_peak,283308,283308,127,.,.,ap2i_r4_gfp_peak_82,1,.,.,.,,PfDd2_100013100,PF3D7_1007700,ApiAP2,2537,-,PfDd2_100013200,PF3D7_1007800,.,-2964,-,,,15.77010,12.76347
PfDd2_10,annotation,macs2_peak,283319,283319,318,.,.,ap2i_r1_gfp_peak_322b,1,.,.,.,,PfDd2_100013100,PF3D7_1007700,ApiAP2,2548,-,PfDd2_100013200,PF3D7_1007800,.,-2953,-,,,34.29873,31.89342
PfDd2_10,annotation,macs2_peak,283329,283329,57,.,.,ap2i_r3_gfp_peak_72,1,.,.,.,,PfDd2_100013100,PF3D7_1007700,ApiAP2,2558,-,PfDd2_100013200,PF3D7_1007800,.,-2943,-,,,8.39112,5.72311
PfDd2_10,annotation,macs2_peak,759362,759362,620,.,.,ap2i_r1_gfp_peak_338,1,.,.,.,,PfDd2_100024700,PF3D7_1019300,.,4125,-,PfDd2_100024800,PF3D7_1019400,.,-1880,+,,,64.80550,62.06393
PfDd2_10,annotation,macs2_peak,759381,759381,169,.,.,ap2i_r2_gfp_peak_2136,1,.,.,.,,PfDd2_100024700,PF3D7_1019300,.,4144,-,PfDd2_100024800,PF3D7_1019400,.,-1861,+,,,19.82393,16.93719
PfDd2_10,annotation,macs2_peak,759383,759383,103,.,.,ap2i_r3_gfp_peak_74,1,.,.,.,,PfDd2_100024700,PF3D7_1019300,.,4146,-,PfDd2_100024800,PF3D7_1019400,.,-1859,+,,,13.19910,10.38757
PfDd2_10,annotation,macs2_peak,759386,759386,111,.,.,ap2i_r4_gfp_peak_86,1,.,.,.,,PfDd2_100024700,PF3D7_1019300,.,4149,-,PfDd2_100024800,PF3D7_1019400,.,-1856,+,,,14.11754,11.15977
PfDd2_10,annotation,macs2_peak,986403,986403,71,.,.,ap2i_r4_gfp_peak_87,1,.,.,.,,PfDd2_100029300,PF3D7_1023900,CHD1,1958,-,PfDd2_100029400,PF3D7_1024000,.,-5525,+,,,9.95162,7.12618
PfDd2_10,annotation,macs2_peak,986407,986407,55,.,.,ap2i_r2_gfp_peak_2169,1,.,.,.,,PfDd2_100029300,PF3D7_1023900,CHD1,1962,-,PfDd2_100029400,PF3D7_1024000,.,-5521,+,,,7.83974,5.59068
PfDd2_10,annotation,macs2_peak,986418,986418,525,.,.,ap2i_r1_gfp_peak_348a,1,.,.,.,,PfDd2_100029300,PF3D7_1023900,CHD1,1973,-,PfDd2_100029400,PF3D7_1024000,.,-5510,+,,,55.24144,52.59405
PfDd2_10,annotation,macs2_peak,987062,987062,93,.,.,ap2i_r2_gfp_peak_2170,1,.,.,.,,PfDd2_100029300,PF3D7_1023900,CHD1,2617,-,PfDd2_100029400,PF3D7_1024000,.,-4866,+,,,12.03983,9.35689
PfDd2_10,annotation,macs2_peak,987080,987080,196,.,.,ap2i_r3_gfp_peak_75,1,.,.,.,,PfDd2_100029300,PF3D7_1023900,CHD1,2635,-,PfDd2_100029400,PF3D7_1024000,.,-4848,+,,,22.70240,19.65545
PfDd2_10,annotation,macs2_peak,987081,987081,841,.,.,ap2i_r1_gfp_peak_348b,1,.,.,.,,PfDd2_100029300,PF3D7_1023900,CHD1,2636,-,PfDd2_100029400,PF3D7_1024000,.,-4847,+,,,87.15374,84.17415
PfDd2_10,annotation,macs2_peak,989145,989145,38,.,.,ap2i_r3_gfp_peak_76,1,.,.,.,,PfDd2_100029300,PF3D7_1023900,CHD1,4700,-,PfDd2_100029400,PF3D7_1024000,.,-2783,+,,,6.40449,3.84535
PfDd2_10,annotation,macs2_peak,989156,989156,446,.,.,ap2i_r1_gfp_peak_350,1,.,.,.,,PfDd2_100029300,PF3D7_1023900,CHD1,4711,-,PfDd2_100029400,PF3D7_1024000,.,-2772,+,,,47.19141,44.63386
PfDd2_10,annotation,macs2_peak,989168,989168,188,.,.,ap2i_r4_gfp_peak_88,1,.,.,.,,PfDd2_100029300,PF3D7_1023900,CHD1,4723,-,PfDd2_100029400,PF3D7_1024000,.,-2760,+,,,21.97594,18.83341
PfDd2_10,annotation,macs2_peak,1191210,1191210,232,.,.,ap2i_r4_gfp_peak_90,1,.,.,.,,PfDd2_100035000,PF3D7_1029800,.,1823,-,PfDd2_100035100,PF3D7_1029900,.,-2526,+,,,26.50389,23.23901
PfDd2_10,annotation,macs2_peak,1191232,1191232,1030,.,.,ap2i_r1_gfp_peak_358,1,.,.,.,,PfDd2_100035000,PF3D7_1029800,.,1845,-,PfDd2_100035100,PF3D7_1029900,.,-2504,+,,,106.30053,103.09222
PfDd2_10,annotation,macs2_peak,1191234,1191234,377,.,.,ap2i_r2_gfp_peak_2214,1,.,.,.,,PfDd2_100035000,PF3D7_1029800,.,1847,-,PfDd2_100035100,PF3D7_1029900,.,-2502,+,,,40.96433,37.77579
PfDd2_10,annotation,macs2_peak,1191237,1191237,245,.,.,ap2i_r3_gfp_peak_78,1,.,.,.,,PfDd2_100035000,PF3D7_1029800,.,1850,-,PfDd2_100035100,PF3D7_1029900,.,-2499,+,,,27.68242,24.54212
PfDd2_10,annotation,macs2_peak,1233095,1233095,62,.,.,ap2i_r2_gfp_peak_2221a,1,.,.,.,,PfDd2_100036300,PF3D7_1031100,.,1178,-,PfDd2_100036400,PF3D7_1031200,MORN1,-639,+,,,8.65453,6.28050
PfDd2_10,annotation,macs2_peak,1233099,1233099,56,.,.,ap2i_r4_gfp_peak_91,1,.,.,.,,PfDd2_100036300,PF3D7_1031100,.,1182,-,PfDd2_100036400,PF3D7_1031200,MORN1,-635,+,,,8.37594,5.61949
PfDd2_10,annotation,macs2_peak,1233141,1233141,154,.,.,ap2i_r3_gfp_peak_79a,1,.,.,.,,PfDd2_100036300,PF3D7_1031100,.,1224,-,PfDd2_100036400,PF3D7_1031200,MORN1,-593,+,,,18.42587,15.47480
PfDd2_10,annotation,macs2_peak,1233165,1233165,569,.,.,ap2i_r1_gfp_peak_362a,1,.,.,.,,PfDd2_100036300,PF3D7_1031100,.,1248,-,PfDd2_100036400,PF3D7_1031200,MORN1,-569,+,,,59.63152,56.93828
PfDd2_10,annotation,macs2_peak,1233668,1233668,76,.,.,ap2i_r3_gfp_peak_79b,1,.,.,.,,PfDd2_100036300,PF3D7_1031100,.,1751,-,PfDd2_100036400,PF3D7_1031200,MORN1,-66,+,,,10.33629,7.60231
PfDd2_10,annotation,macs2_peak,1233682,1233682,589,.,.,ap2i_r1_gfp_peak_362b,1,.,.,.,,PfDd2_100036300,PF3D7_1031100,.,1765,-,PfDd2_100036400,PF3D7_1031200,MORN1,-52,+,,,61.71132,58.99920
PfDd2_10,annotation,macs2_peak,1233768,1233768,84,.,.,ap2i_r2_gfp_peak_2221b,1,PfDd2_100036400,PF3D7_1031200,MORN1,+,PfDd2_100036300,PF3D7_1031100,.,1851,-,PfDd2_100036500,PF3D7_1031300,.,-2874,+,,,11.07931,8.45924
PfDd2_10,annotation,macs2_peak,1309876,1309876,151,.,.,ap2i_r3_gfp_peak_80,1,.,.,.,,PfDd2_100038300,PF3D7_1033100,AdoMetDC/ODC,5378,-,PfDd2_100038400,PF3D7_1033200,ETRAMP10.2,-1173,+,,,18.13474,15.18928
PfDd2_10,annotation,macs2_peak,1309888,1309888,336,.,.,ap2i_r2_gfp_peak_2229,1,.,.,.,,PfDd2_100038300,PF3D7_1033100,AdoMetDC/ODC,5390,-,PfDd2_100038400,PF3D7_1033200,ETRAMP10.2,-1161,+,,,36.76407,33.62025
PfDd2_10,annotation,macs2_peak,1309888,1309888,826,.,.,ap2i_r1_gfp_peak_365a,1,.,.,.,,PfDd2_100038300,PF3D7_1033100,AdoMetDC/ODC,5390,-,PfDd2_100038400,PF3D7_1033200,ETRAMP10.2,-1161,+,,,85.58658,82.62749
PfDd2_10,annotation,macs2_peak,1309934,1309934,221,.,.,ap2i_r4_gfp_peak_92,1,.,.,.,,PfDd2_100038300,PF3D7_1033100,AdoMetDC/ODC,5436,-,PfDd2_100038400,PF3D7_1033200,ETRAMP10.2,-1115,+,,,25.34446,22.11896
PfDd2_10,annotation,macs2_peak,1310109,1310109,857,.,.,ap2i_r1_gfp_peak_365b,1,.,.,.,,PfDd2_100038300,PF3D7_1033100,AdoMetDC/ODC,5611,-,PfDd2_100038400,PF3D7_1033200,ETRAMP10.2,-940,+,,,88.73077,85.73231
PfDd2_10,annotation,macs2_peak,1368619,1368619,15,.,.,ap2i_r2_gfp_peak_2243,1,PfDd2_100040300,PF3D7_1035100,.,+,PfDd2_100040200,PF3D7_1035000,.,3145,-,PfDd2_100040400,.,.,-2180,+,,,2.59599,1.53887
PfDd2_10,annotation,macs2_peak,1369448,1369448,109,.,.,ap2i_r4_gfp_peak_94a,1,.,.,.,,PfDd2_100040300,PF3D7_1035100,.,386,+,PfDd2_100040400,.,.,-1351,+,,,13.87278,10.91679
PfDd2_10,annotation,macs2_peak,1369550,1369550,362,.,.,ap2i_r3_gfp_peak_81a,1,.,.,.,,PfDd2_100040300,PF3D7_1035100,.,488,+,PfDd2_100040400,.,.,-1249,+,,,39.61510,36.28962
PfDd2_10,annotation,macs2_peak,1369563,1369563,411,.,.,ap2i_r2_gfp_peak_2244a,1,.,.,.,,PfDd2_100040300,PF3D7_1035100,.,501,+,PfDd2_100040400,.,.,-1236,+,,,44.42913,41.19612
PfDd2_10,annotation,macs2_peak,1369694,1369694,1095,.,.,ap2i_r1_gfp_peak_368a,1,.,.,.,,PfDd2_100040300,PF3D7_1035100,.,632,+,PfDd2_100040400,.,.,-1105,+,,,112.88648,109.59686
PfDd2_10,annotation,macs2_peak,1369864,1369864,53,.,.,ap2i_r4_gfp_peak_94b,1,.,.,.,,PfDd2_100040300,PF3D7_1035100,.,802,+,PfDd2_100040400,.,.,-935,+,,,8.12808,5.38740
PfDd2_10,annotation,macs2_peak,1370330,1370330,1435,.,.,ap2i_r1_gfp_peak_368b,1,.,.,.,,PfDd2_100040300,PF3D7_1035100,.,1268,+,PfDd2_100040400,.,.,-469,+,,,150.94240,143.58755
PfDd2_10,annotation,macs2_peak,1370333,1370333,1162,.,.,ap2i_r3_gfp_peak_81b,1,.,.,.,,PfDd2_100040300,PF3D7_1035100,.,1271,+,PfDd2_100040400,.,.,-466,+,,,120.46044,116.22330
PfDd2_10,annotation,macs2_peak,1370334,1370334,1396,.,.,ap2i_r2_gfp_peak_2244b,1,.,.,.,,PfDd2_100040300,PF3D7_1035100,.,1272,+,PfDd2_100040400,.,.,-465,+,,,144.27782,139.64076
PfDd2_10,annotation,macs2_peak,1370371,1370371,951,.,.,ap2i_r4_gfp_peak_94c,1,.,.,.,,PfDd2_100040300,PF3D7_1035100,.,1309,+,PfDd2_100040400,.,.,-428,+,,,99.94643,95.18611
PfDd2_10,annotation,macs2_peak,1388609,1388609,417,.,.,ap2i_r4_gfp_peak_95,1,.,.,.,,PfDd2_100040800,PF3D7_1035600,H101,1961,+,PfDd2_100040900,PF3D7_1035700,DBLMSP,-648,+,,,45.53014,41.76336
PfDd2_10,annotation,macs2_peak,1388615,1388615,1244,.,.,ap2i_r1_gfp_peak_372,1,.,.,.,,PfDd2_100040800,PF3D7_1035600,H101,1967,+,PfDd2_100040900,PF3D7_1035700,DBLMSP,-642,+,,,127.98567,124.48914
PfDd2_10,annotation,macs2_peak,1388623,1388623,509,.,.,ap2i_r3_gfp_peak_82,1,.,.,.,,PfDd2_100040800,PF3D7_1035600,H101,1975,+,PfDd2_100040900,PF3D7_1035700,DBLMSP,-634,+,,,54.48713,50.97600
PfDd2_10,annotation,macs2_peak,1388628,1388628,678,.,.,ap2i_r2_gfp_peak_2250,1,.,.,.,,PfDd2_100040800,PF3D7_1035600,H101,1980,+,PfDd2_100040900,PF3D7_1035700,DBLMSP,-629,+,,,71.39788,67.89336
PfDd2_11,annotation,macs2_peak,132537,132537,182,.,.,ap2i_r1_gfp_peak_380a,1,PfDd2_110008200,PF3D7_1105000,H4,-,PfDd2_110008100,PF3D7_1104900,.,2446,+,PfDd2_110008300,PF3D7_1105100,H2B,-3940,+,,,20.49635,18.28765
PfDd2_11,annotation,macs2_peak,133109,133109,343,.,.,ap2i_r2_gfp_peak_2312a,1,.,.,.,,PfDd2_110008200,PF3D7_1105000,H4,559,-,PfDd2_110008300,PF3D7_1105100,H2B,-3368,+,,,37.53579,34.38330
PfDd2_11,annotation,macs2_peak,133121,133121,178,.,.,ap2i_r3_gfp_peak_85a,1,.,.,.,,PfDd2_110008200,PF3D7_1105000,H4,571,-,PfDd2_110008300,PF3D7_1105100,H2B,-3356,+,,,20.82436,17.82068
PfDd2_11,annotation,macs2_peak,133125,133125,952,.,.,ap2i_r1_gfp_peak_380b,1,.,.,.,,PfDd2_110008200,PF3D7_1105000,H4,575,-,PfDd2_110008300,PF3D7_1105100,H2B,-3352,+,,,98.39801,95.28532
PfDd2_11,annotation,macs2_peak,133161,133161,71,.,.,ap2i_r4_gfp_peak_97a,1,.,.,.,,PfDd2_110008200,PF3D7_1105000,H4,611,-,PfDd2_110008300,PF3D7_1105100,H2B,-3316,+,,,9.95162,7.12618
PfDd2_11,annotation,macs2_peak,133525,133525,73,.,.,ap2i_r3_gfp_peak_85b,1,.,.,.,,PfDd2_110008200,PF3D7_1105000,H4,975,-,PfDd2_110008300,PF3D7_1105100,H2B,-2952,+,,,10.12074,7.38934
PfDd2_11,annotation,macs2_peak,133544,133544,117,.,.,ap2i_r2_gfp_peak_2312b,1,.,.,.,,PfDd2_110008200,PF3D7_1105000,H4,994,-,PfDd2_110008300,PF3D7_1105100,H2B,-2933,+,,,14.56663,11.79546
PfDd2_11,annotation,macs2_peak,133643,133643,172,.,.,ap2i_r4_gfp_peak_97b,1,.,.,.,,PfDd2_110008200,PF3D7_1105000,H4,1093,-,PfDd2_110008300,PF3D7_1105100,H2B,-2834,+,,,20.35584,17.24839
PfDd2_11,annotation,macs2_peak,134485,134485,89,.,.,ap2i_r1_gfp_peak_380c,1,.,.,.,,PfDd2_110008200,PF3D7_1105000,H4,1935,-,PfDd2_110008300,PF3D7_1105100,H2B,-1992,+,,,10.98337,8.96972
PfDd2_11,annotation,macs2_peak,134783,134783,61,.,.,ap2i_r1_gfp_peak_380d,1,.,.,.,,PfDd2_110008200,PF3D7_1105000,H4,2233,-,PfDd2_110008300,PF3D7_1105100,H2B,-1694,+,,,8.12251,6.19446
PfDd2_11,annotation,macs2_peak,135399,135399,308,.,.,ap2i_r4_gfp_peak_98a,1,.,.,.,,PfDd2_110008200,PF3D7_1105000,H4,2849,-,PfDd2_110008300,PF3D7_1105100,H2B,-1078,+,,,34.45594,30.87208
PfDd2_11,annotation,macs2_peak,135401,135401,410,.,.,ap2i_r3_gfp_peak_86,1,.,.,.,,PfDd2_110008200,PF3D7_1105000,H4,2851,-,PfDd2_110008300,PF3D7_1105100,H2B,-1076,+,,,44.45308,41.06401
PfDd2_11,annotation,macs2_peak,135409,135409,1229,.,.,ap2i_r1_gfp_peak_380e,1,.,.,.,,PfDd2_110008200,PF3D7_1105000,H4,2859,-,PfDd2_110008300,PF3D7_1105100,H2B,-1068,+,,,126.39889,122.92675
PfDd2_11,annotation,macs2_peak,135422,135422,685,.,.,ap2i_r2_gfp_peak_2313a,1,.,.,.,,PfDd2_110008200,PF3D7_1105000,H4,2872,-,PfDd2_110008300,PF3D7_1105100,H2B,-1055,+,,,72.08603,68.56995
PfDd2_11,annotation,macs2_peak,135805,135805,118,.,.,ap2i_r4_gfp_peak_98b,1,.,.,.,,PfDd2_110008200,PF3D7_1105000,H4,3255,-,PfDd2_110008300,PF3D7_1105100,H2B,-672,+,,,14.81012,11.82821
PfDd2_11,annotation,macs2_peak,135843,135843,513,.,.,ap2i_r2_gfp_peak_2313b,1,.,.,.,,PfDd2_110008200,PF3D7_1105000,H4,3293,-,PfDd2_110008300,PF3D7_1105100,H2B,-634,+,,,54.66359,51.32581
PfDd2_11,annotation,macs2_peak,135851,135851,1217,.,.,ap2i_r1_gfp_peak_380f,1,.,.,.,,PfDd2_110008200,PF3D7_1105000,H4,3301,-,PfDd2_110008300,PF3D7_1105100,H2B,-626,+,,,125.21020,121.75594
PfDd2_11,annotation,macs2_peak,135871,135871,149,.,.,ap2i_r3_gfp_peak_87,1,.,.,.,,PfDd2_110008200,PF3D7_1105000,H4,3321,-,PfDd2_110008300,PF3D7_1105100,H2B,-606,+,,,17.84548,14.90571
PfDd2_11,annotation,macs2_peak,136650,136650,19,.,.,ap2i_r2_gfp_peak_2314,1,PfDd2_110008300,PF3D7_1105100,H2B,+,PfDd2_110008200,PF3D7_1105000,H4,4100,-,PfDd2_110008400,.,.,-1536,+,,,3.20996,1.99510
PfDd2_11,annotation,macs2_peak,136691,136691,127,.,.,ap2i_r1_gfp_peak_380g,1,PfDd2_110008300,PF3D7_1105100,H2B,+,PfDd2_110008200,PF3D7_1105000,H4,4141,-,PfDd2_110008400,.,.,-1495,+,,,14.85547,12.74756
PfDd2_11,annotation,macs2_peak,250324,250324,298,.,.,ap2i_r3_gfp_peak_88,1,.,.,.,,PfDd2_110011100,PF3D7_1107800,ApiAP2,4827,-,PfDd2_110011200,PF3D7_1107900,.,-3436,-,,,33.05094,29.81746
PfDd2_11,annotation,macs2_peak,250351,250351,306,.,.,ap2i_r2_gfp_peak_2329,1,.,.,.,,PfDd2_110011100,PF3D7_1107800,ApiAP2,4854,-,PfDd2_110011200,PF3D7_1107900,.,-3409,-,,,33.73996,30.63542
PfDd2_11,annotation,macs2_peak,250363,250363,1051,.,.,ap2i_r1_gfp_peak_381a,1,.,.,.,,PfDd2_110011100,PF3D7_1107800,ApiAP2,4866,-,PfDd2_110011200,PF3D7_1107900,.,-3397,-,,,108.40575,105.16911
PfDd2_11,annotation,macs2_peak,250376,250376,71,.,.,ap2i_r4_gfp_peak_99,1,.,.,.,,PfDd2_110011100,PF3D7_1107800,ApiAP2,4879,-,PfDd2_110011200,PF3D7_1107900,.,-3384,-,,,9.95162,7.12618
PfDd2_11,annotation,macs2_peak,250843,250843,107,.,.,ap2i_r2_gfp_peak_2330,1,.,.,.,,PfDd2_110011100,PF3D7_1107800,ApiAP2,5346,-,PfDd2_110011200,PF3D7_1107900,.,-2917,-,,,13.53084,10.78875
PfDd2_11,annotation,macs2_peak,250847,250847,735,.,.,ap2i_r1_gfp_peak_381b,1,.,.,.,,PfDd2_110011100,PF3D7_1107800,ApiAP2,5350,-,PfDd2_110011200,PF3D7_1107900,.,-2913,-,,,76.39750,73.54727
PfDd2_11,annotation,macs2_peak,717575,717575,555,.,.,ap2i_r4_gfp_peak_100,1,.,.,.,,PfDd2_110024300,PF3D7_1121300,TKL2,1540,-,PfDd2_110024400,PF3D7_1121400,.,-1580,+,,,59.57924,55.56754
PfDd2_11,annotation,macs2_peak,717586,717586,1051,.,.,ap2i_r1_gfp_peak_401,1,.,.,.,,PfDd2_110024300,PF3D7_1121300,TKL2,1551,-,PfDd2_110024400,PF3D7_1121400,.,-1569,+,,,108.35397,105.12183
PfDd2_11,annotation,macs2_peak,717593,717593,467,.,.,ap2i_r2_gfp_peak_2412,1,.,.,.,,PfDd2_110024300,PF3D7_1121300,TKL2,1558,-,PfDd2_110024400,PF3D7_1121400,.,-1562,+,,,50.04401,46.75366
PfDd2_11,annotation,macs2_peak,717610,717610,222,.,.,ap2i_r3_gfp_peak_91,1,.,.,.,,PfDd2_110024300,PF3D7_1121300,TKL2,1575,-,PfDd2_110024400,PF3D7_1121400,.,-1545,+,,,25.31018,22.21367
PfDd2_11,annotation,macs2_peak,962291,962291,85,.,.,ap2i_r2_gfp_peak_2449,1,.,.,.,,PfDd2_110029900,PF3D7_1126700,ATG23,1128,-,PfDd2_110030000,PF3D7_1126800,.,-2738,+,,,11.12942,8.50088
PfDd2_11,annotation,macs2_peak,962299,962299,79,.,.,ap2i_r4_gfp_peak_101,1,.,.,.,,PfDd2_110029900,PF3D7_1126700,ATG23,1136,-,PfDd2_110030000,PF3D7_1126800,.,-2730,+,,,10.77928,7.92317
PfDd2_11,annotation,macs2_peak,962311,962311,112,.,.,ap2i_r3_gfp_peak_92,1,.,.,.,,PfDd2_110029900,PF3D7_1126700,ATG23,1148,-,PfDd2_110030000,PF3D7_1126800,.,-2718,+,,,14.04802,11.21020
PfDd2_11,annotation,macs2_peak,962328,962328,517,.,.,ap2i_r1_gfp_peak_411,1,.,.,.,,PfDd2_110029900,PF3D7_1126700,ATG23,1165,-,PfDd2_110030000,PF3D7_1126800,.,-2701,+,,,54.43052,51.79274
PfDd2_11,annotation,macs2_peak,1031802,1031802,485,.,.,ap2i_r1_gfp_peak_412a,1,.,.,.,,PfDd2_110032000,.,.,389,-,PfDd2_110032100,PF3D7_1128900,.,-1590,+,,,51.18183,48.57941
PfDd2_11,annotation,macs2_peak,1032337,1032337,104,.,.,ap2i_r4_gfp_peak_102,1,.,.,.,,PfDd2_110032000,.,.,924,-,PfDd2_110032100,PF3D7_1128900,.,-1055,+,,,13.41280,10.47019
PfDd2_11,annotation,macs2_peak,1032381,1032381,816,.,.,ap2i_r1_gfp_peak_412b,1,.,.,.,,PfDd2_110032000,.,.,968,-,PfDd2_110032100,PF3D7_1128900,.,-1011,+,,,84.54743,81.60070
PfDd2_11,annotation,macs2_peak,1032393,1032393,80,.,.,ap2i_r2_gfp_peak_2459,1,.,.,.,,PfDd2_110032000,.,.,980,-,PfDd2_110032100,PF3D7_1128900,.,-999,+,,,10.68186,8.08704
PfDd2_11,annotation,macs2_peak,1032404,1032404,104,.,.,ap2i_r3_gfp_peak_93,1,.,.,.,,PfDd2_110032000,.,.,991,-,PfDd2_110032100,PF3D7_1128900,.,-988,+,,,13.23579,10.42006
PfDd2_11,annotation,macs2_peak,1497041,1497041,908,.,.,ap2i_r1_gfp_peak_430,1,.,.,.,,PfDd2_110042500,PF3D7_1139600,.,323,+,PfDd2_110042600,PF3D7_1139700,.,-158,-,,,93.87114,90.81474
PfDd2_11,annotation,macs2_peak,1497055,1497055,75,.,.,ap2i_r3_gfp_peak_96,1,.,.,.,,PfDd2_110042500,PF3D7_1139600,.,337,+,PfDd2_110042600,PF3D7_1139700,.,-144,-,,,10.27393,7.54066
PfDd2_11,annotation,macs2_peak,1497060,1497060,131,.,.,ap2i_r2_gfp_peak_2535,1,.,.,.,,PfDd2_110042500,PF3D7_1139600,.,342,+,PfDd2_110042600,PF3D7_1139700,.,-139,-,,,15.97684,13.17335
PfDd2_11,annotation,macs2_peak,1497065,1497065,141,.,.,ap2i_r4_gfp_peak_103,1,.,.,.,,PfDd2_110042500,PF3D7_1139600,.,347,+,PfDd2_110042600,PF3D7_1139700,.,-134,-,,,17.18100,14.14564
PfDd2_11,annotation,macs2_peak,1520038,1520038,29,.,.,ap2i_r1_gfp_peak_431a,1,PfDd2_110043200,PF3D7_1140300,.,+,PfDd2_110043100,PF3D7_1140200,.,2815,-,PfDd2_110043300,PF3D7_1140400,.,-2111,+,,,4.70110,2.92324
PfDd2_11,annotation,macs2_peak,1520894,1520894,142,.,.,ap2i_r4_gfp_peak_104a,1,.,.,.,,PfDd2_110043200,PF3D7_1140300,.,340,+,PfDd2_110043300,PF3D7_1140400,.,-1255,+,,,17.24965,14.20761
PfDd2_11,annotation,macs2_peak,1520902,1520902,383,.,.,ap2i_r2_gfp_peak_2537a,1,.,.,.,,PfDd2_110043200,PF3D7_1140300,.,348,+,PfDd2_110043300,PF3D7_1140400,.,-1247,+,,,41.52931,38.33282
PfDd2_11,annotation,macs2_peak,1520903,1520903,1052,.,.,ap2i_r1_gfp_peak_431b,1,.,.,.,,PfDd2_110043200,PF3D7_1140300,.,349,+,PfDd2_110043300,PF3D7_1140400,.,-1246,+,,,108.44853,105.21104
PfDd2_11,annotation,macs2_peak,1520903,1520903,228,.,.,ap2i_r3_gfp_peak_97a,1,.,.,.,,PfDd2_110043200,PF3D7_1140300,.,349,+,PfDd2_110043300,PF3D7_1140400,.,-1246,+,,,25.97812,22.86970
PfDd2_11,annotation,macs2_peak,1521150,1521150,16,.,.,ap2i_r4_gfp_peak_104b,1,.,.,.,,PfDd2_110043200,PF3D7_1140300,.,596,+,PfDd2_110043300,PF3D7_1140400,.,-999,+,,,4.06415,1.68814
PfDd2_11,annotation,macs2_peak,1521286,1521286,831,.,.,ap2i_r1_gfp_peak_431c,1,.,.,.,,PfDd2_110043200,PF3D7_1140300,.,732,+,PfDd2_110043300,PF3D7_1140400,.,-863,+,,,86.10788,83.14211
PfDd2_11,annotation,macs2_peak,1521300,1521300,163,.,.,ap2i_r2_gfp_peak_2537b,1,.,.,.,,PfDd2_110043200,PF3D7_1140300,.,746,+,PfDd2_110043300,PF3D7_1140400,.,-849,+,,,19.21117,16.33899
PfDd2_11,annotation,macs2_peak,1521304,1521304,190,.,.,ap2i_r3_gfp_peak_97b,1,.,.,.,,PfDd2_110043200,PF3D7_1140300,.,750,+,PfDd2_110043300,PF3D7_1140400,.,-845,+,,,22.06897,19.03551
PfDd2_11,annotation,macs2_peak,1521847,1521847,105,.,.,ap2i_r1_gfp_peak_431d,1,.,.,.,,PfDd2_110043200,PF3D7_1140300,.,1293,+,PfDd2_110043300,PF3D7_1140400,.,-302,+,,,12.57405,10.51808
PfDd2_11,annotation,macs2_peak,1522343,1522343,87,.,.,ap2i_r1_gfp_peak_431e,1,PfDd2_110043300,PF3D7_1140400,.,+,PfDd2_110043200,PF3D7_1140300,.,1789,+,PfDd2_110043400,PF3D7_1140500,MyoF,-1913,+,,,10.72732,8.72017
PfDd2_11,annotation,macs2_peak,1522456,1522456,38,.,.,ap2i_r2_gfp_peak_2538,1,PfDd2_110043300,PF3D7_1140400,.,+,PfDd2_110043200,PF3D7_1140300,.,1902,+,PfDd2_110043400,PF3D7_1140500,MyoF,-1800,+,,,5.60920,3.80706
PfDd2_11,annotation,macs2_peak,1711084,1711084,816,.,.,ap2i_r1_gfp_peak_439a,1,.,.,.,,PfDd2_110048100,PF3D7_1145200,.,2572,-,PfDd2_110048200,PF3D7_1145300,CRIPT,-762,-,,,84.54743,81.60070
PfDd2_11,annotation,macs2_peak,1711103,1711103,236,.,.,ap2i_r2_gfp_peak_2561a,1,.,.,.,,PfDd2_110048100,PF3D7_1145200,.,2591,-,PfDd2_110048200,PF3D7_1145300,CRIPT,-743,-,,,26.63611,23.62868
PfDd2_11,annotation,macs2_peak,1711113,1711113,99,.,.,ap2i_r3_gfp_peak_98a,1,.,.,.,,PfDd2_110048100,PF3D7_1145200,.,2601,-,PfDd2_110048200,PF3D7_1145300,CRIPT,-733,-,,,12.73275,9.93067
PfDd2_11,annotation,macs2_peak,1711514,1711514,517,.,.,ap2i_r3_gfp_peak_98b,1,.,.,.,,PfDd2_110048100,PF3D7_1145200,.,3002,-,PfDd2_110048200,PF3D7_1145300,CRIPT,-332,-,,,55.28179,51.75783
PfDd2_11,annotation,macs2_peak,1711535,1711535,52,.,.,ap2i_r4_gfp_peak_105,1,.,.,.,,PfDd2_110048100,PF3D7_1145200,.,3023,-,PfDd2_110048200,PF3D7_1145300,CRIPT,-311,-,,,7.99920,5.26038
PfDd2_11,annotation,macs2_peak,1711540,1711540,604,.,.,ap2i_r2_gfp_peak_2561b,1,.,.,.,,PfDd2_110048100,PF3D7_1145200,.,3028,-,PfDd2_110048200,PF3D7_1145300,CRIPT,-306,-,,,63.86367,60.43611
PfDd2_11,annotation,macs2_peak,1711570,1711570,1188,.,.,ap2i_r1_gfp_peak_439b,1,.,.,.,,PfDd2_110048100,PF3D7_1145200,.,3058,-,PfDd2_110048200,PF3D7_1145300,CRIPT,-276,-,,,122.25471,118.84228
PfDd2_11,annotation,macs2_peak,1712664,1712664,56,.,.,ap2i_r1_gfp_peak_439c,1,PfDd2_110048200,PF3D7_1145300,CRIPT,-,PfDd2_110048100,PF3D7_1145200,.,4152,-,PfDd2_110048300,PF3D7_1145400,DYN1,-946,-,,,7.52640,5.61976
PfDd2_12,annotation,macs2_peak,182556,182556,184,.,.,ap2i_r4_gfp_peak_108,1,PfDd2_120009200,PF3D7_1204300,EIF5A,-,PfDd2_120009100,PF3D7_1204200,.,1017,+,PfDd2_120009300,PF3D7_1204400,.,-2290,-,,,21.56405,18.43119
PfDd2_12,annotation,macs2_peak,182581,182581,599,.,.,ap2i_r2_gfp_peak_2656,1,PfDd2_120009200,PF3D7_1204300,EIF5A,-,PfDd2_120009100,PF3D7_1204200,.,1042,+,PfDd2_120009300,PF3D7_1204400,.,-2265,-,,,63.39125,59.96838
PfDd2_12,annotation,macs2_peak,182585,182585,1186,.,.,ap2i_r1_gfp_peak_446,1,PfDd2_120009200,PF3D7_1204300,EIF5A,-,PfDd2_120009100,PF3D7_1204200,.,1046,+,PfDd2_120009300,PF3D7_1204400,.,-2261,-,,,122.05369,118.64805
PfDd2_12,annotation,macs2_peak,182590,182590,328,.,.,ap2i_r3_gfp_peak_99,1,PfDd2_120009200,PF3D7_1204300,EIF5A,-,PfDd2_120009100,PF3D7_1204200,.,1051,+,PfDd2_120009300,PF3D7_1204400,.,-2256,-,,,36.16717,32.88283
PfDd2_12,annotation,macs2_peak,248511,248511,57,.,.,ap2i_r3_gfp_peak_100,1,.,.,.,,PfDd2_120010800,PF3D7_1206000,SHLP2,665,-,PfDd2_120010900,PF3D7_1206100,.,-397,-,,,8.43065,5.76233
PfDd2_12,annotation,macs2_peak,248539,248539,603,.,.,ap2i_r1_gfp_peak_448,1,.,.,.,,PfDd2_120010800,PF3D7_1206000,SHLP2,693,-,PfDd2_120010900,PF3D7_1206100,.,-369,-,,,63.06559,60.34029
PfDd2_12,annotation,macs2_peak,248546,248546,34,.,.,ap2i_r2_gfp_peak_2666,1,.,.,.,,PfDd2_120010800,PF3D7_1206000,SHLP2,700,-,PfDd2_120010900,PF3D7_1206100,.,-362,-,,,5.18462,3.48190
PfDd2_12,annotation,macs2_peak,248574,248574,41,.,.,ap2i_r4_gfp_peak_109,1,.,.,.,,PfDd2_120010800,PF3D7_1206000,SHLP2,728,-,PfDd2_120010900,PF3D7_1206100,.,-334,-,,,6.84693,4.18639
PfDd2_12,annotation,macs2_peak,798383,798383,199,.,.,ap2i_r4_gfp_peak_110,1,.,.,.,,PfDd2_120025100,PF3D7_1220600,.,400,+,PfDd2_120025200,PF3D7_1220700,.,-390,-,,,23.08011,19.91408
PfDd2_12,annotation,macs2_peak,798420,798420,154,.,.,ap2i_r2_gfp_peak_2766,1,.,.,.,,PfDd2_120025100,PF3D7_1220600,.,437,+,PfDd2_120025200,PF3D7_1220700,.,-353,-,,,18.34960,15.49572
PfDd2_12,annotation,macs2_peak,798429,798429,609,.,.,ap2i_r1_gfp_peak_460a,1,.,.,.,,PfDd2_120025100,PF3D7_1220600,.,446,+,PfDd2_120025200,PF3D7_1220700,.,-344,-,,,63.71783,60.98781
PfDd2_12,annotation,macs2_peak,798459,798459,204,.,.,ap2i_r3_gfp_peak_101a,1,.,.,.,,PfDd2_120025100,PF3D7_1220600,.,476,+,PfDd2_120025200,PF3D7_1220700,.,-314,-,,,23.46463,20.40311
PfDd2_12,annotation,macs2_peak,798828,798828,56,.,.,ap2i_r3_gfp_peak_101b,1,PfDd2_120025200,PF3D7_1220700,.,-,PfDd2_120025100,PF3D7_1220600,.,845,+,PfDd2_120025300,PF3D7_1220900,HP1,-8114,-,,,8.26046,5.60117
PfDd2_12,annotation,macs2_peak,798855,798855,198,.,.,ap2i_r1_gfp_peak_460b,1,PfDd2_120025200,PF3D7_1220700,.,-,PfDd2_120025100,PF3D7_1220600,.,872,+,PfDd2_120025300,PF3D7_1220900,HP1,-8087,-,,,22.12578,19.89214
PfDd2_12,annotation,macs2_peak,798892,798892,32,.,.,ap2i_r4_gfp_peak_111,1,PfDd2_120025200,PF3D7_1220700,.,-,PfDd2_120025100,PF3D7_1220600,.,909,+,PfDd2_120025300,PF3D7_1220900,HP1,-8050,-,,,5.89137,3.29007
PfDd2_12,annotation,macs2_peak,798907,798907,47,.,.,ap2i_r2_gfp_peak_2767,1,PfDd2_120025200,PF3D7_1220700,.,-,PfDd2_120025100,PF3D7_1220600,.,924,+,PfDd2_120025300,PF3D7_1220900,HP1,-8035,-,,,6.78938,4.73968
PfDd2_12,annotation,macs2_peak,874133,874133,1370,.,.,ap2i_r1_gfp_peak_466,1,.,.,.,,PfDd2_120026700,PF3D7_1222300,GRP94,12447,-,PfDd2_120026900,.,.,-701,-,,,140.91673,137.07578
PfDd2_12,annotation,macs2_peak,874136,874136,321,.,.,ap2i_r4_gfp_peak_112a,1,.,.,.,,PfDd2_120026700,PF3D7_1222300,GRP94,12450,-,PfDd2_120026900,.,.,-698,-,,,35.73998,32.12862
PfDd2_12,annotation,macs2_peak,874140,874140,761,.,.,ap2i_r3_gfp_peak_103,1,.,.,.,,PfDd2_120026700,PF3D7_1222300,GRP94,12454,-,PfDd2_120026900,.,.,-694,-,,,80.02216,76.15540
PfDd2_12,annotation,macs2_peak,874510,874510,109,.,.,ap2i_r4_gfp_peak_112b,1,.,.,.,,PfDd2_120026700,PF3D7_1222300,GRP94,12824,-,PfDd2_120026900,.,.,-324,-,,,13.87278,10.91679
PfDd2_12,annotation,macs2_peak,879315,879315,352,.,.,ap2i_r2_gfp_peak_2782,1,.,.,.,,PfDd2_120026900,.,.,2561,-,PfDd2_120027000,PF3D7_1222600,AP2-G,-3563,+,,,38.43962,35.27876
PfDd2_12,annotation,macs2_peak,879326,879326,133,.,.,ap2i_r3_gfp_peak_104,1,.,.,.,,PfDd2_120026900,.,.,2572,-,PfDd2_120027000,PF3D7_1222600,AP2-G,-3552,+,,,16.29235,13.39243
PfDd2_12,annotation,macs2_peak,879332,879332,635,.,.,ap2i_r1_gfp_peak_467a,1,.,.,.,,PfDd2_120026900,.,.,2578,-,PfDd2_120027000,PF3D7_1222600,AP2-G,-3546,+,,,66.29047,63.53615
PfDd2_12,annotation,macs2_peak,880037,880037,719,.,.,ap2i_r1_gfp_peak_467b,1,.,.,.,,PfDd2_120026900,.,.,3283,-,PfDd2_120027000,PF3D7_1222600,AP2-G,-2841,+,,,74.78766,71.95583
PfDd2_12,annotation,macs2_peak,880060,880060,205,.,.,ap2i_r3_gfp_peak_105,1,.,.,.,,PfDd2_120026900,.,.,3306,-,PfDd2_120027000,PF3D7_1222600,AP2-G,-2818,+,,,23.66623,20.59888
PfDd2_12,annotation,macs2_peak,880063,880063,499,.,.,ap2i_r2_gfp_peak_2783a,1,.,.,.,,PfDd2_120026900,.,.,3309,-,PfDd2_120027000,PF3D7_1222600,AP2-G,-2815,+,,,53.28218,49.95982
PfDd2_12,annotation,macs2_peak,880072,880072,71,.,.,ap2i_r4_gfp_peak_113,1,.,.,.,,PfDd2_120026900,.,.,3318,-,PfDd2_120027000,PF3D7_1222600,AP2-G,-2806,+,,,9.95162,7.12618
PfDd2_12,annotation,macs2_peak,880493,880493,102,.,.,ap2i_r2_gfp_peak_2783b,1,.,.,.,,PfDd2_120026900,.,.,3739,-,PfDd2_120027000,PF3D7_1222600,AP2-G,-2385,+,,,12.99100,10.27026
PfDd2_12,annotation,macs2_peak,880516,880516,55,.,.,ap2i_r3_gfp_peak_106,1,.,.,.,,PfDd2_120026900,.,.,3762,-,PfDd2_120027000,PF3D7_1222600,AP2-G,-2362,+,,,8.18533,5.52704
PfDd2_12,annotation,macs2_peak,880524,880524,207,.,.,ap2i_r1_gfp_peak_467c,1,.,.,.,,PfDd2_120026900,.,.,3770,-,PfDd2_120027000,PF3D7_1222600,AP2-G,-2354,+,,,23.04509,20.79586
PfDd2_12,annotation,macs2_peak,892072,892072,94,.,.,ap2i_r1_gfp_peak_468a,1,.,.,.,,PfDd2_120027000,PF3D7_1222600,AP2-G,1818,+,PfDd2_120027100,PF3D7_1222700,GAP45,-2536,+,,,11.47775,9.45129
PfDd2_12,annotation,macs2_peak,892897,892897,456,.,.,ap2i_r1_gfp_peak_468b,1,.,.,.,,PfDd2_120027000,PF3D7_1222600,AP2-G,2643,+,PfDd2_120027100,PF3D7_1222700,GAP45,-1711,+,,,48.19157,45.62239
PfDd2_12,annotation,macs2_peak,893418,893418,373,.,.,ap2i_r4_gfp_peak_114,1,.,.,.,,PfDd2_120027000,PF3D7_1222600,AP2-G,3164,+,PfDd2_120027100,PF3D7_1222700,GAP45,-1190,+,,,41.06145,37.36293
PfDd2_12,annotation,macs2_peak,893447,893447,461,.,.,ap2i_r2_gfp_peak_2786,1,.,.,.,,PfDd2_120027000,PF3D7_1222600,AP2-G,3193,+,PfDd2_120027100,PF3D7_1222700,GAP45,-1161,+,,,49.40131,46.11588
PfDd2_12,annotation,macs2_peak,893456,893456,1205,.,.,ap2i_r1_gfp_peak_468c,1,.,.,.,,PfDd2_120027000,PF3D7_1222600,AP2-G,3202,+,PfDd2_120027100,PF3D7_1222700,GAP45,-1152,+,,,124.02511,120.58794
PfDd2_12,annotation,macs2_peak,893459,893459,410,.,.,ap2i_r3_gfp_peak_107,1,.,.,.,,PfDd2_120027000,PF3D7_1222600,AP2-G,3205,+,PfDd2_120027100,PF3D7_1222700,GAP45,-1149,+,,,44.46796,41.07870
PfDd2_12,annotation,macs2_peak,905813,905813,386,.,.,ap2i_r2_gfp_peak_2789,1,PfDd2_120027500,PF3D7_1223100,PKAr,-,PfDd2_120027400,PF3D7_1223000,.,3701,-,PfDd2_120027600,PF3D7_1223200,.,-2973,+,,,41.88987,38.68859
PfDd2_12,annotation,macs2_peak,905817,905817,1182,.,.,ap2i_r1_gfp_peak_470,1,PfDd2_120027500,PF3D7_1223100,PKAr,-,PfDd2_120027400,PF3D7_1223000,.,3705,-,PfDd2_120027600,PF3D7_1223200,.,-2969,+,,,121.66644,118.26353
PfDd2_12,annotation,macs2_peak,905821,905821,418,.,.,ap2i_r3_gfp_peak_108,1,PfDd2_120027500,PF3D7_1223100,PKAr,-,PfDd2_120027400,PF3D7_1223000,.,3709,-,PfDd2_120027600,PF3D7_1223200,.,-2965,+,,,45.28653,41.88574
PfDd2_12,annotation,macs2_peak,905838,905838,204,.,.,ap2i_r4_gfp_peak_115,1,.,.,.,,PfDd2_120027500,PF3D7_1223100,PKAr,4,-,PfDd2_120027600,PF3D7_1223200,.,-2948,+,,,23.63927,20.45957
PfDd2_12,annotation,macs2_peak,1148520,1148520,677,.,.,ap2i_r3_gfp_peak_109a,1,.,.,.,,PfDd2_120033600,PF3D7_1228600,MSP9,643,-,PfDd2_120033700,PF3D7_1228700,.,-1960,+,,,71.45455,67.71513
PfDd2_12,annotation,macs2_peak,1148554,1148554,983,.,.,ap2i_r2_gfp_peak_2826a,1,.,.,.,,PfDd2_120033600,PF3D7_1228600,MSP9,677,-,PfDd2_120033700,PF3D7_1228700,.,-1926,+,,,102.25179,98.35811
PfDd2_12,annotation,macs2_peak,1148582,1148582,1364,.,.,ap2i_r1_gfp_peak_478a,1,.,.,.,,PfDd2_120033600,PF3D7_1228600,MSP9,705,-,PfDd2_120033700,PF3D7_1228700,.,-1898,+,,,140.31052,136.49988
PfDd2_12,annotation,macs2_peak,1148755,1148755,576,.,.,ap2i_r4_gfp_peak_117,1,.,.,.,,PfDd2_120033600,PF3D7_1228600,MSP9,878,-,PfDd2_120033700,PF3D7_1228700,.,-1725,+,,,61.66258,57.60167
PfDd2_12,annotation,macs2_peak,1148916,1148916,1123,.,.,ap2i_r2_gfp_peak_2826b,1,.,.,.,,PfDd2_120033600,PF3D7_1228600,MSP9,1039,-,PfDd2_120033700,PF3D7_1228700,.,-1564,+,,,116.47345,112.38869
PfDd2_12,annotation,macs2_peak,1148928,1148928,1402,.,.,ap2i_r1_gfp_peak_478b,1,.,.,.,,PfDd2_120033600,PF3D7_1228600,MSP9,1051,-,PfDd2_120033700,PF3D7_1228700,.,-1552,+,,,144.28989,140.23128
PfDd2_12,annotation,macs2_peak,1148931,1148931,880,.,.,ap2i_r3_gfp_peak_109b,1,.,.,.,,PfDd2_120033600,PF3D7_1228600,MSP9,1054,-,PfDd2_120033700,PF3D7_1228700,.,-1549,+,,,92.02650,88.00258
PfDd2_12,annotation,macs2_peak,1149658,1149658,124,.,.,ap2i_r1_gfp_peak_478c,1,.,.,.,,PfDd2_120033600,PF3D7_1228600,MSP9,1781,-,PfDd2_120033700,PF3D7_1228700,.,-822,+,,,14.56243,12.46339
PfDd2_12,annotation,macs2_peak,1495466,1495466,324,.,.,ap2i_r3_gfp_peak_110,1,.,.,.,,PfDd2_120040900,PF3D7_1236100,.,3459,-,PfDd2_120041000,PF3D7_1236200,.,-503,-,,,35.68298,32.40429
PfDd2_12,annotation,macs2_peak,1495483,1495483,200,.,.,ap2i_r2_gfp_peak_2909,1,.,.,.,,PfDd2_120040900,PF3D7_1236100,.,3476,-,PfDd2_120041000,PF3D7_1236200,.,-486,-,,,23.02101,20.06991
PfDd2_12,annotation,macs2_peak,1495486,1495486,109,.,.,ap2i_r4_gfp_peak_118,1,.,.,.,,PfDd2_120040900,PF3D7_1236100,.,3479,-,PfDd2_120041000,PF3D7_1236200,.,-483,-,,,13.87278,10.91679
PfDd2_12,annotation,macs2_peak,1495491,1495491,873,.,.,ap2i_r1_gfp_peak_485,1,.,.,.,,PfDd2_120040900,PF3D7_1236100,.,3484,-,PfDd2_120041000,PF3D7_1236200,.,-478,-,,,90.31771,87.30244
PfDd2_12,annotation,macs2_peak,1611845,1611845,98,.,.,ap2i_r3_gfp_peak_112,1,.,.,.,,PfDd2_120043900,PF3D7_1239100,.,1310,+,PfDd2_120044000,PF3D7_1239200,ApiAP2,-5394,+,,,12.69110,9.89379
PfDd2_12,annotation,macs2_peak,1611869,1611869,618,.,.,ap2i_r1_gfp_peak_493a,1,.,.,.,,PfDd2_120043900,PF3D7_1239100,.,1334,+,PfDd2_120044000,PF3D7_1239200,ApiAP2,-5370,+,,,64.62867,61.89027
PfDd2_12,annotation,macs2_peak,1611896,1611896,226,.,.,ap2i_r2_gfp_peak_2931,1,.,.,.,,PfDd2_120043900,PF3D7_1239100,.,1361,+,PfDd2_120044000,PF3D7_1239200,ApiAP2,-5343,+,,,25.62899,22.63674
PfDd2_12,annotation,macs2_peak,1612269,1612269,137,.,.,ap2i_r1_gfp_peak_493b,1,.,.,.,,PfDd2_120043900,PF3D7_1239100,.,1734,+,PfDd2_120044000,PF3D7_1239200,ApiAP2,-4970,+,,,15.92187,13.79279
PfDd2_12,annotation,macs2_peak,1613087,1613087,894,.,.,ap2i_r1_gfp_peak_493c,1,.,.,.,,PfDd2_120043900,PF3D7_1239100,.,2552,+,PfDd2_120044000,PF3D7_1239200,ApiAP2,-4152,+,,,92.44888,89.40760
PfDd2_12,annotation,macs2_peak,1613091,1613091,232,.,.,ap2i_r3_gfp_peak_113,1,.,.,.,,PfDd2_120043900,PF3D7_1239100,.,2556,+,PfDd2_120044000,PF3D7_1239200,ApiAP2,-4148,+,,,26.31544,23.20010
PfDd2_12,annotation,macs2_peak,1613105,1613105,263,.,.,ap2i_r2_gfp_peak_2932,1,.,.,.,,PfDd2_120043900,PF3D7_1239100,.,2570,+,PfDd2_120044000,PF3D7_1239200,ApiAP2,-4134,+,,,29.39746,26.35287
PfDd2_12,annotation,macs2_peak,1613122,1613122,221,.,.,ap2i_r4_gfp_peak_119,1,.,.,.,,PfDd2_120043900,PF3D7_1239100,.,2587,+,PfDd2_120044000,PF3D7_1239200,ApiAP2,-4117,+,,,25.34446,22.11896
PfDd2_12,annotation,macs2_peak,1826275,1826275,61,.,.,ap2i_r4_gfp_peak_121,1,.,.,.,,PfDd2_120048800,PF3D7_1243500,SNF7,1852,-,PfDd2_120048900,PF3D7_1243600,.,-1515,+,,,8.94048,6.16401
PfDd2_12,annotation,macs2_peak,1826277,1826277,185,.,.,ap2i_r2_gfp_peak_2980,1,.,.,.,,PfDd2_120048800,PF3D7_1243500,SNF7,1854,-,PfDd2_120048900,PF3D7_1243600,.,-1513,+,,,21.44954,18.52726
PfDd2_12,annotation,macs2_peak,1826296,1826296,831,.,.,ap2i_r1_gfp_peak_497a,1,.,.,.,,PfDd2_120048800,PF3D7_1243500,SNF7,1873,-,PfDd2_120048900,PF3D7_1243600,.,-1494,+,,,86.10788,83.14211
PfDd2_12,annotation,macs2_peak,1826299,1826299,101,.,.,ap2i_r3_gfp_peak_114,1,.,.,.,,PfDd2_120048800,PF3D7_1243500,SNF7,1876,-,PfDd2_120048900,PF3D7_1243600,.,-1491,+,,,12.98322,10.17414
PfDd2_12,annotation,macs2_peak,1826876,1826876,44,.,.,ap2i_r2_gfp_peak_2981,1,.,.,.,,PfDd2_120048800,PF3D7_1243500,SNF7,2453,-,PfDd2_120048900,PF3D7_1243600,.,-914,+,,,6.49876,4.49891
PfDd2_12,annotation,macs2_peak,1826889,1826889,676,.,.,ap2i_r1_gfp_peak_497b,1,.,.,.,,PfDd2_120048800,PF3D7_1243500,SNF7,2466,-,PfDd2_120048900,PF3D7_1243600,.,-901,+,,,70.48077,67.68781
PfDd2_13,annotation,macs2_peak,482389,482389,431,.,.,ap2i_r1_gfp_peak_522,1,.,.,.,,PfDd2_130016500,PF3D7_1310700,.,903,-,PfDd2_130016600,PF3D7_1310800,.,-1035,-,,,45.68282,43.14071
PfDd2_13,annotation,macs2_peak,482401,482401,44,.,.,ap2i_r3_gfp_peak_119,1,.,.,.,,PfDd2_130016500,PF3D7_1310700,.,915,-,PfDd2_130016600,PF3D7_1310800,.,-1023,-,,,7.00013,4.40318
PfDd2_13,annotation,macs2_peak,482422,482422,16,.,.,ap2i_r4_gfp_peak_124,1,.,.,.,,PfDd2_130016500,PF3D7_1310700,.,936,-,PfDd2_130016600,PF3D7_1310800,.,-1002,-,,,3.99273,1.65017
PfDd2_13,annotation,macs2_peak,482496,482496,19,.,.,ap2i_r2_gfp_peak_3116,1,.,.,.,,PfDd2_130016500,PF3D7_1310700,.,1010,-,PfDd2_130016600,PF3D7_1310800,.,-928,-,,,3.20996,1.99510
PfDd2_13,annotation,macs2_peak,759983,759983,55,.,.,ap2i_r1_gfp_peak_528a,1,.,.,.,,PfDd2_130023900,PF3D7_1318000,.,717,-,PfDd2_130024000,PF3D7_1318100,.,-1110,-,,,7.41173,5.51123
PfDd2_13,annotation,macs2_peak,760600,760600,562,.,.,ap2i_r1_gfp_peak_528b,1,.,.,.,,PfDd2_130023900,PF3D7_1318000,.,1334,-,PfDd2_130024000,PF3D7_1318100,.,-493,-,,,58.94756,56.26231
PfDd2_13,annotation,macs2_peak,760608,760608,113,.,.,ap2i_r4_gfp_peak_127,1,.,.,.,,PfDd2_130023900,PF3D7_1318000,.,1342,-,PfDd2_130024000,PF3D7_1318100,.,-485,-,,,14.31391,11.35450
PfDd2_13,annotation,macs2_peak,760629,760629,13,.,.,ap2i_r3_gfp_peak_120,1,.,.,.,,PfDd2_130023900,PF3D7_1318000,.,1363,-,PfDd2_130024000,PF3D7_1318100,.,-464,-,,,3.66729,1.36061
PfDd2_13,annotation,macs2_peak,1432712,1432712,995,.,.,ap2i_r1_gfp_peak_552a,1,.,.,.,,PfDd2_130040900,PF3D7_1335100,MSP7,529,-,PfDd2_130041000,.,.,-3316,-,,,102.72117,99.55608
PfDd2_13,annotation,macs2_peak,1432718,1432718,25,.,.,ap2i_r4_gfp_peak_131,1,.,.,.,,PfDd2_130040900,PF3D7_1335100,MSP7,535,-,PfDd2_130041000,.,.,-3310,-,,,5.02077,2.50881
PfDd2_13,annotation,macs2_peak,1432726,1432726,97,.,.,ap2i_r3_gfp_peak_123,1,.,.,.,,PfDd2_130040900,PF3D7_1335100,MSP7,543,-,PfDd2_130041000,.,.,-3302,-,,,12.59539,9.79910
PfDd2_13,annotation,macs2_peak,1432734,1432734,183,.,.,ap2i_r2_gfp_peak_3274,1,.,.,.,,PfDd2_130040900,PF3D7_1335100,MSP7,551,-,PfDd2_130041000,.,.,-3294,-,,,21.29734,18.38109
PfDd2_13,annotation,macs2_peak,1433354,1433354,259,.,.,ap2i_r1_gfp_peak_552b,1,.,.,.,,PfDd2_130040900,PF3D7_1335100,MSP7,1171,-,PfDd2_130041000,.,.,-2674,-,,,28.23137,25.90320
PfDd2_13,annotation,macs2_peak,1706785,1706785,44,.,.,ap2i_r3_gfp_peak_126a,1,.,.,.,,PfDd2_130048700,PF3D7_1342900,ApiAP2,1487,-,PfDd2_130048800,PF3D7_1343000,PMT,-1457,+,,,7.00013,4.40318
PfDd2_13,annotation,macs2_peak,1707106,1707106,82,.,.,ap2i_r2_gfp_peak_3322,1,.,.,.,,PfDd2_130048700,PF3D7_1342900,ApiAP2,1808,-,PfDd2_130048800,PF3D7_1343000,PMT,-1136,+,,,10.85612,8.24642
PfDd2_13,annotation,macs2_peak,1707178,1707178,425,.,.,ap2i_r1_gfp_peak_563,1,.,.,.,,PfDd2_130048700,PF3D7_1342900,ApiAP2,1880,-,PfDd2_130048800,PF3D7_1343000,PMT,-1064,+,,,45.09824,42.56464
PfDd2_13,annotation,macs2_peak,1707320,1707320,29,.,.,ap2i_r4_gfp_peak_133,1,.,.,.,,PfDd2_130048700,PF3D7_1342900,ApiAP2,2022,-,PfDd2_130048800,PF3D7_1343000,PMT,-922,+,,,5.56660,2.99539
PfDd2_13,annotation,macs2_peak,1707336,1707336,42,.,.,ap2i_r5_gfp_peak_205,1,.,.,.,,PfDd2_130048700,PF3D7_1342900,ApiAP2,2038,-,PfDd2_130048800,PF3D7_1343000,PMT,-906,+,,,7.53315,4.20407
PfDd2_13,annotation,macs2_peak,1707404,1707404,105,.,.,ap2i_r3_gfp_peak_126b,1,.,.,.,,PfDd2_130048700,PF3D7_1342900,ApiAP2,2106,-,PfDd2_130048800,PF3D7_1343000,PMT,-838,+,,,13.33824,10.52135
PfDd2_13,annotation,macs2_peak,1713338,1713338,163,.,.,ap2i_r3_gfp_peak_127,1,.,.,.,,PfDd2_130048900,PF3D7_1343100,.,1359,-,PfDd2_130049000,PF3D7_1343200,.,-2585,+,,,19.31096,16.34172
PfDd2_13,annotation,macs2_peak,1713339,1713339,854,.,.,ap2i_r1_gfp_peak_565a,1,.,.,.,,PfDd2_130048900,PF3D7_1343100,.,1360,-,PfDd2_130049000,PF3D7_1343200,.,-2584,+,,,88.48727,85.49365
PfDd2_13,annotation,macs2_peak,1713352,1713352,161,.,.,ap2i_r2_gfp_peak_3323,1,.,.,.,,PfDd2_130048900,PF3D7_1343100,.,1373,-,PfDd2_130049000,PF3D7_1343200,.,-2571,+,,,19.03165,16.16016
PfDd2_13,annotation,macs2_peak,1714192,1714192,49,.,.,ap2i_r3_gfp_peak_128,1,.,.,.,,PfDd2_130048900,PF3D7_1343100,.,2213,-,PfDd2_130049000,PF3D7_1343200,.,-1731,+,,,7.58202,4.95289
PfDd2_13,annotation,macs2_peak,1714264,1714264,629,.,.,ap2i_r1_gfp_peak_565b,1,.,.,.,,PfDd2_130048900,PF3D7_1343100,.,2285,-,PfDd2_130049000,PF3D7_1343200,.,-1659,+,,,65.68280,62.93327
PfDd2_13,annotation,macs2_peak,1714268,1714268,51,.,.,ap2i_r2_gfp_peak_3324,1,.,.,.,,PfDd2_130048900,PF3D7_1343100,.,2289,-,PfDd2_130049000,PF3D7_1343200,.,-1655,+,,,7.24957,5.10356
PfDd2_13,annotation,macs2_peak,1714410,1714410,52,.,.,ap2i_r4_gfp_peak_134,1,.,.,.,,PfDd2_130048900,PF3D7_1343100,.,2431,-,PfDd2_130049000,PF3D7_1343200,.,-1513,+,,,7.99920,5.26038
PfDd2_13,annotation,macs2_peak,1714971,1714971,538,.,.,ap2i_r1_gfp_peak_565c,1,.,.,.,,PfDd2_130048900,PF3D7_1343100,.,2992,-,PfDd2_130049000,PF3D7_1343200,.,-952,+,,,56.46288,53.80131
PfDd2_13,annotation,macs2_peak,1715004,1715004,61,.,.,ap2i_r2_gfp_peak_3325,1,.,.,.,,PfDd2_130048900,PF3D7_1343100,.,3025,-,PfDd2_130049000,PF3D7_1343200,.,-919,+,,,8.44682,6.10258
PfDd2_14,annotation,macs2_peak,230598,230598,1074,.,.,ap2i_r1_gfp_peak_598,1,.,.,.,,PfDd2_140011400,PF3D7_1406800,GAPM3,1647,-,PfDd2_140011500,PF3D7_1406900,.,-1691,+,,,110.68947,107.42273
PfDd2_14,annotation,macs2_peak,230608,230608,104,.,.,ap2i_r4_gfp_peak_137,1,.,.,.,,PfDd2_140011400,PF3D7_1406800,GAPM3,1657,-,PfDd2_140011500,PF3D7_1406900,.,-1681,+,,,13.41280,10.47019
PfDd2_14,annotation,macs2_peak,230616,230616,202,.,.,ap2i_r3_gfp_peak_134,1,.,.,.,,PfDd2_140011400,PF3D7_1406800,GAPM3,1665,-,PfDd2_140011500,PF3D7_1406900,.,-1673,+,,,23.34316,20.28280
PfDd2_14,annotation,macs2_peak,230620,230620,232,.,.,ap2i_r2_gfp_peak_3554,1,.,.,.,,PfDd2_140011400,PF3D7_1406800,GAPM3,1669,-,PfDd2_140011500,PF3D7_1406900,.,-1669,+,,,26.29864,23.29628
PfDd2_14,annotation,macs2_peak,399782,399782,414,.,.,ap2i_r3_gfp_peak_136a,1,.,.,.,,PfDd2_140014900,PF3D7_1410300,.,1833,-,PfDd2_140015000,PF3D7_1410400,RAP1,-1562,+,,,44.86910,41.47454
PfDd2_14,annotation,macs2_peak,399811,399811,386,.,.,ap2i_r2_gfp_peak_3590a,1,.,.,.,,PfDd2_140014900,PF3D7_1410300,.,1862,-,PfDd2_140015000,PF3D7_1410400,RAP1,-1533,+,,,41.88987,38.68859
PfDd2_14,annotation,macs2_peak,399811,399811,75,.,.,ap2i_r4_gfp_peak_138a,1,.,.,.,,PfDd2_140014900,PF3D7_1410300,.,1862,-,PfDd2_140015000,PF3D7_1410400,RAP1,-1533,+,,,10.36221,7.52125
PfDd2_14,annotation,macs2_peak,399815,399815,1159,.,.,ap2i_r1_gfp_peak_604a,1,.,.,.,,PfDd2_140014900,PF3D7_1410300,.,1866,-,PfDd2_140015000,PF3D7_1410400,RAP1,-1529,+,,,119.32313,115.95412
PfDd2_14,annotation,macs2_peak,400306,400306,379,.,.,ap2i_r4_gfp_peak_138b,1,.,.,.,,PfDd2_140014900,PF3D7_1410300,.,2357,-,PfDd2_140015000,PF3D7_1410400,RAP1,-1038,+,,,41.70437,37.99202
PfDd2_14,annotation,macs2_peak,400313,400313,780,.,.,ap2i_r2_gfp_peak_3590b,1,.,.,.,,PfDd2_140014900,PF3D7_1410300,.,2364,-,PfDd2_140015000,PF3D7_1410400,RAP1,-1031,+,,,81.69029,78.03748
PfDd2_14,annotation,macs2_peak,400323,400323,1176,.,.,ap2i_r1_gfp_peak_604b,1,.,.,.,,PfDd2_140014900,PF3D7_1410300,.,2374,-,PfDd2_140015000,PF3D7_1410400,RAP1,-1021,+,,,121.07914,117.68520
PfDd2_14,annotation,macs2_peak,400327,400327,540,.,.,ap2i_r3_gfp_peak_136b,1,.,.,.,,PfDd2_140014900,PF3D7_1410300,.,2378,-,PfDd2_140015000,PF3D7_1410400,RAP1,-1017,+,,,57.55153,54.00004
PfDd2_14,annotation,macs2_peak,1527697,1527697,140,.,.,ap2i_r2_gfp_peak_3807,1,.,.,.,,PfDd2_140042800,.,.,1483,+,PfDd2_140042900,PF3D7_1438400,MCA2,-1146,+,,,16.84596,14.02507
PfDd2_14,annotation,macs2_peak,1527705,1527705,136,.,.,ap2i_r3_gfp_peak_141,1,.,.,.,,PfDd2_140042800,.,.,1491,+,PfDd2_140042900,PF3D7_1438400,MCA2,-1138,+,,,16.50797,13.60141
PfDd2_14,annotation,macs2_peak,1527710,1527710,887,.,.,ap2i_r1_gfp_peak_635,1,.,.,.,,PfDd2_140042800,.,.,1496,+,PfDd2_140042900,PF3D7_1438400,MCA2,-1133,+,,,91.75359,88.72456
PfDd2_14,annotation,macs2_peak,1527718,1527718,56,.,.,ap2i_r4_gfp_peak_143,1,.,.,.,,PfDd2_140042800,.,.,1504,+,PfDd2_140042900,PF3D7_1438400,MCA2,-1125,+,,,8.37594,5.61949
PfDd2_14,annotation,macs2_peak,1993077,1993077,87,.,.,ap2i_r4_gfp_peak_145a,1,.,.,.,,PfDd2_140053500,PF3D7_1449100,.,930,+,PfDd2_140053600,PF3D7_1449200,.,-1256,+,,,11.63250,8.74567
PfDd2_14,annotation,macs2_peak,1993201,1993201,504,.,.,ap2i_r3_gfp_peak_143,1,.,.,.,,PfDd2_140053500,PF3D7_1449100,.,1054,+,PfDd2_140053600,PF3D7_1449200,.,-1132,+,,,53.93621,50.43088
PfDd2_14,annotation,macs2_peak,1993255,1993255,755,.,.,ap2i_r2_gfp_peak_3869,1,.,.,.,,PfDd2_140053500,PF3D7_1449100,.,1108,+,PfDd2_140053600,PF3D7_1449200,.,-1078,+,,,79.12151,75.50110
PfDd2_14,annotation,macs2_peak,1993296,1993296,1329,.,.,ap2i_r1_gfp_peak_644a,1,.,.,.,,PfDd2_140053500,PF3D7_1449100,.,1149,+,PfDd2_140053600,PF3D7_1449200,.,-1037,+,,,136.65349,132.95360
PfDd2_14,annotation,macs2_peak,1993457,1993457,79,.,.,ap2i_r4_gfp_peak_145b,1,.,.,.,,PfDd2_140053500,PF3D7_1449100,.,1310,+,PfDd2_140053600,PF3D7_1449200,.,-876,+,,,10.77928,7.92317
PfDd2_14,annotation,macs2_peak,1993890,1993890,403,.,.,ap2i_r1_gfp_peak_644b,1,.,.,.,,PfDd2_140053500,PF3D7_1449100,.,1743,+,PfDd2_140053600,PF3D7_1449200,.,-443,+,,,42.82083,40.31218
PfDd2_14,annotation,macs2_peak,1994381,1994381,82,.,.,ap2i_r1_gfp_peak_644c,1,PfDd2_140053600,PF3D7_1449200,.,+,PfDd2_140053500,PF3D7_1449100,.,2234,+,PfDd2_140053700,PF3D7_1449300,.,-2612,+,,,10.23712,8.24337
PfDd2_14,annotation,macs2_peak,2700235,2700235,81,.,.,ap2i_r3_gfp_peak_145,1,.,.,.,,PfDd2_140070700,PF3D7_1466400,ApiAP2,3983,-,PfDd2_140070800,PF3D7_1466500,.,-3824,+,,,10.88404,8.13303
PfDd2_14,annotation,macs2_peak,2700245,2700245,629,.,.,ap2i_r1_gfp_peak_667,1,.,.,.,,PfDd2_140070700,PF3D7_1466400,ApiAP2,3993,-,PfDd2_140070800,PF3D7_1466500,.,-3814,+,,,65.74412,62.99430
PfDd2_14,annotation,macs2_peak,2700257,2700257,150,.,.,ap2i_r2_gfp_peak_3976,1,.,.,.,,PfDd2_140070700,PF3D7_1466400,ApiAP2,4005,-,PfDd2_140070800,PF3D7_1466500,.,-3802,+,,,17.86825,15.02201
PfDd2_14,annotation,macs2_peak,2700269,2700269,150,.,.,ap2i_r4_gfp_peak_147,1,.,.,.,,PfDd2_140070700,PF3D7_1466400,ApiAP2,4017,-,PfDd2_140070800,PF3D7_1466500,.,-3790,+,,,18.14105,15.08409
PfDd2_14,annotation,macs2_peak,2779168,2779168,203,.,.,ap2i_r4_gfp_peak_148,1,.,.,.,,PfDd2_140072400,PF3D7_1468100,.,6148,-,PfDd2_140072500,PF3D7_1468200,.,-2037,+,,,23.52406,20.35355
PfDd2_14,annotation,macs2_peak,2779212,2779212,1015,.,.,ap2i_r2_gfp_peak_3993,1,.,.,.,,PfDd2_140072400,PF3D7_1468100,.,6192,-,PfDd2_140072500,PF3D7_1468200,.,-1993,+,,,105.49779,101.55180
PfDd2_14,annotation,macs2_peak,2779214,2779214,1303,.,.,ap2i_r1_gfp_peak_670,1,.,.,.,,PfDd2_140072400,PF3D7_1468100,.,6194,-,PfDd2_140072500,PF3D7_1468200,.,-1991,+,,,133.92053,130.32626
PfDd2_14,annotation,macs2_peak,2779275,2779275,671,.,.,ap2i_r3_gfp_peak_146,1,.,.,.,,PfDd2_140072400,PF3D7_1468100,.,6255,-,PfDd2_140072500,PF3D7_1468200,.,-1930,+,,,70.86591,67.13658
PfDd2_14,annotation,macs2_peak,2785426,2785426,167,.,.,ap2i_r2_gfp_peak_3994,1,.,.,.,,PfDd2_140072600,PF3D7_1468300,LRR14.1,2121,+,PfDd2_140072700,PF3D7_1468400,D13,-2698,+,,,19.62485,16.74016
PfDd2_14,annotation,macs2_peak,2785428,2785428,303,.,.,ap2i_r3_gfp_peak_147,1,.,.,.,,PfDd2_140072600,PF3D7_1468300,LRR14.1,2123,+,PfDd2_140072700,PF3D7_1468400,D13,-2696,+,,,33.62216,30.38029
PfDd2_14,annotation,macs2_peak,2785446,2785446,966,.,.,ap2i_r1_gfp_peak_671,1,.,.,.,,PfDd2_140072600,PF3D7_1468300,LRR14.1,2141,+,PfDd2_140072700,PF3D7_1468400,D13,-2678,+,,,99.73623,96.60779
PfDd2_14,annotation,macs2_peak,2785464,2785464,36,.,.,ap2i_r4_gfp_peak_149,1,.,.,.,,PfDd2_140072600,PF3D7_1468300,LRR14.1,2159,+,PfDd2_140072700,PF3D7_1468400,D13,-2660,+,,,6.27737,3.64641
