PfDd2_02,annotation,macs2_peak,293232,293232,309,.,.,ap2i_r1_gfp_peak_22,1,.,.,.,,PfDd2_020012400,PF3D7_0209600,.,613,-,PfDd2_020012500,PF3D7_0209700,.,-745,-,,,33.39117,30.99917
PfDd2_02,annotation,macs2_peak,293237,293237,47,.,.,ap2i_r3_gfp_peak_6,1,.,.,.,,PfDd2_020012400,PF3D7_0209600,.,618,-,PfDd2_020012500,PF3D7_0209700,.,-740,-,,,7.38565,4.76777
PfDd2_02,annotation,macs2_peak,612497,612497,109,.,.,ap2i_r3_gfp_peak_7,1,.,.,.,,PfDd2_020020100,PF3D7_0217400,.,734,+,PfDd2_020020200,PF3D7_0217500,CDPK1,-1376,+,,,13.74732,10.91766
PfDd2_02,annotation,macs2_peak,612525,612525,681,.,.,ap2i_r1_gfp_peak_32,1,.,.,.,,PfDd2_020020100,PF3D7_0217400,.,762,+,PfDd2_020020200,PF3D7_0217500,CDPK1,-1348,+,,,70.96729,68.16941
PfDd2_02,annotation,macs2_peak,612538,612538,91,.,.,ap2i_r2_gfp_peak_234,1,.,.,.,,PfDd2_020020100,PF3D7_0217400,.,775,+,PfDd2_020020200,PF3D7_0217500,CDPK1,-1335,+,,,11.79876,9.12850
PfDd2_02,annotation,macs2_peak,709389,709389,133,.,.,ap2i_r4_gfp_peak_6,1,.,.,.,,PfDd2_020023000,.,.,1578,-,PfDd2_020023100,.,.,-4199,+,,,16.34679,13.32703
PfDd2_02,annotation,macs2_peak,709411,709411,211,.,.,ap2i_r1_gfp_peak_39,1,.,.,.,,PfDd2_020023000,.,.,1600,-,PfDd2_020023100,.,.,-4177,+,,,23.45378,21.19860
PfDd2_03,annotation,macs2_peak,230400,230400,27,.,.,ap2i_r3_gfp_peak_11,1,.,.,.,,PfDd2_030010100,PF3D7_0305100,.,1518,-,PfDd2_030010200,PF3D7_0305200,.,-1455,+,,,5.19258,2.71049
PfDd2_03,annotation,macs2_peak,230476,230476,538,.,.,ap2i_r1_gfp_peak_52,1,.,.,.,,PfDd2_030010100,PF3D7_0305100,.,1594,-,PfDd2_030010200,PF3D7_0305200,.,-1379,+,,,56.53763,53.87584
PfDd2_03,annotation,macs2_peak,431405,431405,193,.,.,ap2i_r1_gfp_peak_56,1,.,.,.,,PfDd2_030015400,PF3D7_0310400,PIESP1,590,+,PfDd2_030015500,PF3D7_0310500,.,-319,-,,,21.57775,19.35322
PfDd2_03,annotation,macs2_peak,431420,431420,22,.,.,ap2i_r4_gfp_peak_10,1,.,.,.,,PfDd2_030015400,PF3D7_0310400,PIESP1,605,+,PfDd2_030015500,PF3D7_0310500,.,-304,-,,,4.75429,2.27791
PfDd2_03,annotation,macs2_peak,676154,676154,511,.,.,ap2i_r1_gfp_peak_61a,1,.,.,.,,PfDd2_030022300,.,.,612,+,PfDd2_030022400,PF3D7_0317300,.,-2679,-,,,53.79826,51.16592
PfDd2_03,annotation,macs2_peak,676165,676165,64,.,.,ap2i_r2_gfp_peak_405,1,.,.,.,,PfDd2_030022300,.,.,623,+,PfDd2_030022400,PF3D7_0317300,.,-2668,-,,,8.86454,6.46206
PfDd2_03,annotation,macs2_peak,676209,676209,47,.,.,ap2i_r3_gfp_peak_12,1,.,.,.,,PfDd2_030022300,.,.,667,+,PfDd2_030022400,PF3D7_0317300,.,-2624,-,,,7.38565,4.76777
PfDd2_03,annotation,macs2_peak,676642,676642,117,.,.,ap2i_r1_gfp_peak_61b,1,.,.,.,,PfDd2_030022300,.,.,1100,+,PfDd2_030022400,PF3D7_0317300,.,-2191,-,,,13.82113,11.73539
PfDd2_04,annotation,macs2_peak,223178,223178,481,.,.,ap2i_r1_gfp_peak_74,1,.,.,.,,PfDd2_040010100,.,.,571,-,PfDd2_040010200,.,.,-287,-,,,50.78902,48.19167
PfDd2_04,annotation,macs2_peak,223357,223357,42,.,.,ap2i_r3_gfp_peak_15,1,.,.,.,,PfDd2_040010100,.,.,750,-,PfDd2_040010200,.,.,-108,-,,,6.81096,4.22358
PfDd2_04,annotation,macs2_peak,279300,279300,50,.,.,ap2i_r4_gfp_peak_13,1,.,.,.,,PfDd2_040011300,PF3D7_0405900,ASP,614,-,PfDd2_040011400,PF3D7_0406000,.,-1247,+,,,7.77156,5.05033
PfDd2_04,annotation,macs2_peak,279419,279419,705,.,.,ap2i_r1_gfp_peak_78,1,.,.,.,,PfDd2_040011300,PF3D7_0405900,ASP,733,-,PfDd2_040011400,PF3D7_0406000,.,-1128,+,,,73.41776,70.59639
PfDd2_04,annotation,macs2_peak,279439,279439,51,.,.,ap2i_r2_gfp_peak_544,1,.,.,.,,PfDd2_040011300,PF3D7_0405900,ASP,753,-,PfDd2_040011400,PF3D7_0406000,.,-1108,+,,,7.24957,5.10356
PfDd2_04,annotation,macs2_peak,343586,343586,50,.,.,ap2i_r3_gfp_peak_16,1,.,.,.,,PfDd2_040013000,.,.,870,-,PfDd2_040013100,PF3D7_0407800,.,-957,+,,,7.71788,5.08572
PfDd2_04,annotation,macs2_peak,343604,343604,70,.,.,ap2i_r2_gfp_peak_559,1,.,.,.,,PfDd2_040013000,.,.,888,-,PfDd2_040013100,PF3D7_0407800,.,-939,+,,,9.50817,7.02646
PfDd2_04,annotation,macs2_peak,343616,343616,676,.,.,ap2i_r1_gfp_peak_80,1,.,.,.,,PfDd2_040013000,.,.,900,-,PfDd2_040013100,PF3D7_0407800,.,-927,+,,,70.39650,67.60646
PfDd2_04,annotation,macs2_peak,992266,992266,107,.,.,ap2i_r2_gfp_peak_688,1,.,.,.,,PfDd2_040028300,.,.,2222,-,PfDd2_040028400,PF3D7_0423400,AARP,-440,+,,,13.53084,10.78875
PfDd2_04,annotation,macs2_peak,992279,992279,98,.,.,ap2i_r3_gfp_peak_18,1,.,.,.,,PfDd2_040028300,.,.,2235,-,PfDd2_040028400,PF3D7_0423400,AARP,-427,+,,,12.66009,9.86316
PfDd2_04,annotation,macs2_peak,992283,992283,745,.,.,ap2i_r1_gfp_peak_96a,1,.,.,.,,PfDd2_040028300,.,.,2239,-,PfDd2_040028400,PF3D7_0423400,AARP,-423,+,,,77.40017,74.53961
PfDd2_04,annotation,macs2_peak,992762,992762,32,.,.,ap2i_r1_gfp_peak_96b,1,PfDd2_040028400,PF3D7_0423400,AARP,+,PfDd2_040028300,.,.,2718,-,PfDd2_040028500,PF3D7_0423500,GAPM2,-3221,+,,,5.04532,3.24539
PfDd2_04,annotation,macs2_peak,993929,993929,63,.,.,ap2i_r1_gfp_peak_97a,1,.,.,.,,PfDd2_040028400,PF3D7_0423400,AARP,597,+,PfDd2_040028500,PF3D7_0423500,GAPM2,-2054,+,,,8.31991,6.38480
PfDd2_04,annotation,macs2_peak,994538,994538,143,.,.,ap2i_r3_gfp_peak_19,1,.,.,.,,PfDd2_040028400,PF3D7_0423400,AARP,1206,+,PfDd2_040028500,PF3D7_0423500,GAPM2,-1445,+,,,17.27294,14.34580
PfDd2_04,annotation,macs2_peak,994557,994557,920,.,.,ap2i_r1_gfp_peak_97b,1,.,.,.,,PfDd2_040028400,PF3D7_0423400,AARP,1225,+,PfDd2_040028500,PF3D7_0423500,GAPM2,-1426,+,,,95.14405,92.06995
PfDd2_04,annotation,macs2_peak,994567,994567,176,.,.,ap2i_r2_gfp_peak_689,1,.,.,.,,PfDd2_040028400,PF3D7_0423400,AARP,1235,+,PfDd2_040028500,PF3D7_0423500,GAPM2,-1416,+,,,20.52877,17.62563
PfDd2_05,annotation,macs2_peak,144625,144625,45,.,.,ap2i_r3_gfp_peak_22,1,.,.,.,,PfDd2_050008500,PF3D7_0503300,SRSF12,3531,-,PfDd2_050008600,PF3D7_0503400,ADF1,-1280,+,,,7.19166,4.58452
PfDd2_05,annotation,macs2_peak,144655,144655,427,.,.,ap2i_r1_gfp_peak_102,1,.,.,.,,PfDd2_050008500,PF3D7_0503300,SRSF12,3561,-,PfDd2_050008600,PF3D7_0503400,ADF1,-1250,+,,,45.26968,42.73278
PfDd2_05,annotation,macs2_peak,438746,438746,26,.,.,ap2i_r1_gfp_peak_111a,1,.,.,.,,PfDd2_050015100,PF3D7_0510100,.,3701,-,PfDd2_050015200,PF3D7_0510200,CYP87,-3418,+,,,4.42395,2.65867
PfDd2_05,annotation,macs2_peak,439136,439136,40,.,.,ap2i_r2_gfp_peak_813a,1,.,.,.,,PfDd2_050015100,PF3D7_0510100,.,4091,-,PfDd2_050015200,PF3D7_0510200,CYP87,-3028,+,,,5.90927,4.04442
PfDd2_05,annotation,macs2_peak,439149,439149,57,.,.,ap2i_r3_gfp_peak_23a,1,.,.,.,,PfDd2_050015100,PF3D7_0510100,.,4104,-,PfDd2_050015200,PF3D7_0510200,CYP87,-3015,+,,,8.39112,5.72311
PfDd2_05,annotation,macs2_peak,439429,439429,49,.,.,ap2i_r2_gfp_peak_813b,1,.,.,.,,PfDd2_050015100,PF3D7_0510100,.,4384,-,PfDd2_050015200,PF3D7_0510200,CYP87,-2735,+,,,7.09173,4.97722
PfDd2_05,annotation,macs2_peak,439441,439441,125,.,.,ap2i_r3_gfp_peak_23b,1,.,.,.,,PfDd2_050015100,PF3D7_0510100,.,4396,-,PfDd2_050015200,PF3D7_0510200,CYP87,-2723,+,,,15.38246,12.50649
PfDd2_05,annotation,macs2_peak,439446,439446,523,.,.,ap2i_r1_gfp_peak_111b,1,.,.,.,,PfDd2_050015100,PF3D7_0510100,.,4401,-,PfDd2_050015200,PF3D7_0510200,CYP87,-2718,+,,,55.00081,52.35765
PfDd2_05,annotation,macs2_peak,661294,661294,755,.,.,ap2i_r1_gfp_peak_115a,1,.,.,.,,PfDd2_050020600,PF3D7_0515700,GAP40,1110,-,PfDd2_050020700,PF3D7_0515800,.,-2008,-,,,78.40749,75.53548
PfDd2_05,annotation,macs2_peak,661298,661298,106,.,.,ap2i_r3_gfp_peak_24,1,.,.,.,,PfDd2_050020600,PF3D7_0515700,GAP40,1114,-,PfDd2_050020700,PF3D7_0515800,.,-2004,-,,,13.49051,10.66803
PfDd2_05,annotation,macs2_peak,661334,661334,125,.,.,ap2i_r2_gfp_peak_853,1,.,.,.,,PfDd2_050020600,PF3D7_0515700,GAP40,1150,-,PfDd2_050020700,PF3D7_0515800,.,-1968,-,,,15.36500,12.57372
PfDd2_05,annotation,macs2_peak,662033,662033,26,.,.,ap2i_r1_gfp_peak_115b,1,.,.,.,,PfDd2_050020600,PF3D7_0515700,GAP40,1849,-,PfDd2_050020700,PF3D7_0515800,.,-1269,-,,,4.42395,2.65867
PfDd2_05,annotation,macs2_peak,662498,662498,578,.,.,ap2i_r1_gfp_peak_115c,1,.,.,.,,PfDd2_050020600,PF3D7_0515700,GAP40,2314,-,PfDd2_050020700,PF3D7_0515800,.,-804,-,,,60.54850,57.84570
PfDd2_05,annotation,macs2_peak,662542,662542,66,.,.,ap2i_r2_gfp_peak_854,1,.,.,.,,PfDd2_050020600,PF3D7_0515700,GAP40,2358,-,PfDd2_050020700,PF3D7_0515800,.,-760,-,,,9.06774,6.64731
PfDd2_05,annotation,macs2_peak,1213479,1213479,242,.,.,ap2i_r1_gfp_peak_126,1,PfDd2_050034400,.,.,+,PfDd2_050034300,PF3D7_0529500,.,728,+,PfDd2_050034500,PF3D7_0529700,.,-592,-,,,26.52845,24.22653
PfDd2_05,annotation,macs2_peak,1213488,1213488,43,.,.,ap2i_r3_gfp_peak_26,1,PfDd2_050034400,.,.,+,PfDd2_050034300,PF3D7_0529500,.,737,+,PfDd2_050034500,PF3D7_0529700,.,-583,-,,,6.95077,4.36121
PfDd2_05,annotation,macs2_peak,1407417,1407417,300,.,.,ap2i_r1_gfp_peak_132,1,PfDd2_050039100,.,.,+,PfDd2_050039000,.,.,2334,-,PfDd2_050039200,.,.,-539,+,,,32.46579,30.08346
PfDd2_05,annotation,macs2_peak,1407422,1407422,76,.,.,ap2i_r4_gfp_peak_22,1,PfDd2_050039100,.,.,+,PfDd2_050039000,.,.,2339,-,PfDd2_050039200,.,.,-534,+,,,10.51752,7.67493
PfDd2_07,annotation,macs2_peak,601339,601339,62,.,.,ap2i_r4_gfp_peak_43,1,.,.,.,,PfDd2_070017500,PF3D7_0713900,.,3101,-,PfDd2_070017600,PF3D7_0714000,H2B.Z,-2192,-,,,9.03237,6.25454
PfDd2_07,annotation,macs2_peak,601345,601345,190,.,.,ap2i_r1_gfp_peak_185,1,.,.,.,,PfDd2_070017500,PF3D7_0713900,.,3107,-,PfDd2_070017600,PF3D7_0714000,H2B.Z,-2186,-,,,21.32010,19.09995
PfDd2_07,annotation,macs2_peak,723884,723884,257,.,.,ap2i_r1_gfp_peak_190,1,.,.,.,,PfDd2_070021200,PF3D7_0717600,.,906,-,PfDd2_070021300,PF3D7_0717700,.,-990,-,,,28.05047,25.72640
PfDd2_07,annotation,macs2_peak,723978,723978,28,.,.,ap2i_r4_gfp_peak_46,1,.,.,.,,PfDd2_070021200,PF3D7_0717600,.,1000,-,PfDd2_070021300,PF3D7_0717700,.,-896,-,,,5.36794,2.82299
PfDd2_07,annotation,macs2_peak,1037065,1037065,210,.,.,ap2i_r2_gfp_peak_1453,1,.,.,.,,PfDd2_070028800,PF3D7_0725300,.,3169,-,PfDd2_070028900,PF3D7_0725400,.,-1110,+,,,23.98567,21.01939
PfDd2_07,annotation,macs2_peak,1037080,1037080,947,.,.,ap2i_r1_gfp_peak_195,1,.,.,.,,PfDd2_070028800,PF3D7_0725300,.,3184,-,PfDd2_070028900,PF3D7_0725400,.,-1095,+,,,97.85187,94.74613
PfDd2_07,annotation,macs2_peak,1037081,1037081,187,.,.,ap2i_r3_gfp_peak_43,1,.,.,.,,PfDd2_070028800,PF3D7_0725300,.,3185,-,PfDd2_070028900,PF3D7_0725400,.,-1094,+,,,21.75504,18.72825
PfDd2_07,annotation,macs2_peak,1041225,1041225,60,.,.,ap2i_r4_gfp_peak_48,1,.,.,.,,PfDd2_070028900,PF3D7_0725400,.,2000,+,PfDd2_070029000,.,.,-1385,+,,,8.79130,6.01693
PfDd2_07,annotation,macs2_peak,1041517,1041517,329,.,.,ap2i_r1_gfp_peak_196,1,.,.,.,,PfDd2_070028900,PF3D7_0725400,.,2292,+,PfDd2_070029000,.,.,-1093,+,,,35.39122,32.97412
PfDd2_07,annotation,macs2_peak,1140884,1140884,59,.,.,ap2i_r4_gfp_peak_49,1,.,.,.,,PfDd2_070031000,PF3D7_0727800,.,925,+,PfDd2_070031100,PF3D7_0727900,.,-1705,+,,,8.70810,5.94657
PfDd2_07,annotation,macs2_peak,1140898,1140898,195,.,.,ap2i_r1_gfp_peak_200,1,.,.,.,,PfDd2_070031000,PF3D7_0727800,.,939,+,PfDd2_070031100,PF3D7_0727900,.,-1691,+,,,21.78866,19.55993
PfDd2_08,annotation,macs2_peak,318165,318165,32,.,.,ap2i_r3_gfp_peak_45,1,.,.,.,,PfDd2_080010900,PF3D7_0805700,FIKK8,2749,-,PfDd2_080011000,PF3D7_0805800,.,-884,-,,,5.72739,3.20160
PfDd2_08,annotation,macs2_peak,318267,318267,437,.,.,ap2i_r1_gfp_peak_224,1,.,.,.,,PfDd2_080010900,PF3D7_0805700,FIKK8,2851,-,PfDd2_080011000,PF3D7_0805800,.,-782,-,,,46.26151,43.71366
PfDd2_08,annotation,macs2_peak,318269,318269,76,.,.,ap2i_r2_gfp_peak_1597,1,.,.,.,,PfDd2_080010900,PF3D7_0805700,FIKK8,2853,-,PfDd2_080011000,PF3D7_0805800,.,-780,-,,,10.17214,7.61993
PfDd2_08,annotation,macs2_peak,650871,650871,47,.,.,ap2i_r3_gfp_peak_47,1,.,.,.,,PfDd2_080018300,PF3D7_0813100,.,637,-,PfDd2_080018400,PF3D7_0813200,.,-1455,-,,,7.31908,4.70990
PfDd2_08,annotation,macs2_peak,650996,650996,492,.,.,ap2i_r1_gfp_peak_232,1,.,.,.,,PfDd2_080018300,PF3D7_0813100,.,762,-,PfDd2_080018400,PF3D7_0813200,.,-1330,-,,,51.84876,49.23991
PfDd2_08,annotation,macs2_peak,819369,819369,116,.,.,ap2i_r3_gfp_peak_48,1,.,.,.,,PfDd2_080023100,PF3D7_0817900,HMGB2,1578,-,PfDd2_080023200,PF3D7_0818000,.,-2621,+,,,14.53023,11.67720
PfDd2_08,annotation,macs2_peak,819379,819379,899,.,.,ap2i_r1_gfp_peak_238a,1,.,.,.,,PfDd2_080023100,PF3D7_0817900,HMGB2,1588,-,PfDd2_080023200,PF3D7_0818000,.,-2611,+,,,92.98440,89.93599
PfDd2_08,annotation,macs2_peak,819389,819389,216,.,.,ap2i_r2_gfp_peak_1682,1,.,.,.,,PfDd2_080023100,PF3D7_0817900,HMGB2,1598,-,PfDd2_080023200,PF3D7_0818000,.,-2601,+,,,24.63762,21.66007
PfDd2_08,annotation,macs2_peak,819860,819860,137,.,.,ap2i_r1_gfp_peak_238b,1,.,.,.,,PfDd2_080023100,PF3D7_0817900,HMGB2,2069,-,PfDd2_080023200,PF3D7_0818000,.,-2130,+,,,15.92187,13.79279
PfDd2_08,annotation,macs2_peak,859859,859859,115,.,.,ap2i_r2_gfp_peak_1684,1,.,.,.,,PfDd2_080024000,PF3D7_0818800,IMP4,2488,-,PfDd2_080024100,PF3D7_0818900,.,-1122,+,,,14.30459,11.53983
PfDd2_08,annotation,macs2_peak,859878,859878,122,.,.,ap2i_r4_gfp_peak_53,1,.,.,.,,PfDd2_080024000,PF3D7_0818800,IMP4,2507,-,PfDd2_080024100,PF3D7_0818900,.,-1103,+,,,15.28731,12.29222
PfDd2_08,annotation,macs2_peak,859879,859879,229,.,.,ap2i_r1_gfp_peak_240,1,.,.,.,,PfDd2_080024000,PF3D7_0818800,IMP4,2508,-,PfDd2_080024100,PF3D7_0818900,.,-1102,+,,,25.21290,22.92775
PfDd2_09,annotation,macs2_peak,272140,272140,548,.,.,ap2i_r1_gfp_peak_264,1,.,.,.,,PfDd2_090010700,PF3D7_0905400,RhopH3,2874,-,PfDd2_090010800,PF3D7_0905500,.,-670,+,,,57.50349,54.83189
PfDd2_09,annotation,macs2_peak,272140,272140,64,.,.,ap2i_r3_gfp_peak_54,1,.,.,.,,PfDd2_090010700,PF3D7_0905400,RhopH3,2874,-,PfDd2_090010800,PF3D7_0905500,.,-670,+,,,9.10549,6.41063
PfDd2_09,annotation,macs2_peak,272166,272166,64,.,.,ap2i_r2_gfp_peak_1832,1,.,.,.,,PfDd2_090010700,PF3D7_0905400,RhopH3,2900,-,PfDd2_090010800,PF3D7_0905500,.,-644,+,,,8.78713,6.40213
PfDd2_09,annotation,macs2_peak,731002,731002,39,.,.,ap2i_r4_gfp_peak_60a,1,.,.,.,,PfDd2_090022900,PF3D7_0917800,.,687,+,PfDd2_090023000,PF3D7_0917900,.,-1358,+,,,6.56415,3.91067
PfDd2_09,annotation,macs2_peak,731075,731075,468,.,.,ap2i_r1_gfp_peak_279a,1,.,.,.,,PfDd2_090022900,PF3D7_0917800,.,760,+,PfDd2_090023000,PF3D7_0917900,.,-1285,+,,,49.46484,46.88224
PfDd2_09,annotation,macs2_peak,731149,731149,46,.,.,ap2i_r2_gfp_peak_1879,1,.,.,.,,PfDd2_090022900,PF3D7_0917800,.,834,+,PfDd2_090023000,PF3D7_0917900,.,-1211,+,,,6.68288,4.64636
PfDd2_09,annotation,macs2_peak,731301,731301,67,.,.,ap2i_r4_gfp_peak_60b,1,.,.,.,,PfDd2_090022900,PF3D7_0917800,.,986,+,PfDd2_090023000,PF3D7_0917900,.,-1059,+,,,9.54759,6.74016
PfDd2_09,annotation,macs2_peak,731778,731778,143,.,.,ap2i_r1_gfp_peak_279b,1,.,.,.,,PfDd2_090022900,PF3D7_0917800,.,1463,+,PfDd2_090023000,PF3D7_0917900,.,-582,+,,,16.46689,14.32755
PfDd2_09,annotation,macs2_peak,1351388,1351388,78,.,.,ap2i_r3_gfp_peak_62,1,.,.,.,,PfDd2_090040000,PF3D7_0934700,.,474,+,PfDd2_090040100,PF3D7_0934800,PKAc,-2181,+,,,10.57584,7.83203
PfDd2_09,annotation,macs2_peak,1351408,1351408,127,.,.,ap2i_r2_gfp_peak_1979,1,.,.,.,,PfDd2_090040000,PF3D7_0934700,.,494,+,PfDd2_090040100,PF3D7_0934800,PKAc,-2161,+,,,15.56079,12.76780
PfDd2_09,annotation,macs2_peak,1351412,1351412,836,.,.,ap2i_r1_gfp_peak_303,1,.,.,.,,PfDd2_090040000,PF3D7_0934700,.,498,+,PfDd2_090040100,PF3D7_0934800,PKAc,-2157,+,,,86.63028,83.65766
PfDd2_09,annotation,macs2_peak,1368061,1368061,75,.,.,ap2i_r1_gfp_peak_306a,1,.,.,.,,PfDd2_090040600,PF3D7_0935300,.,2650,+,PfDd2_090040700,PF3D7_0935400,GDV1,-1563,+,,,9.48545,7.51582
PfDd2_09,annotation,macs2_peak,1368326,1368326,137,.,.,ap2i_r4_gfp_peak_70,1,.,.,.,,PfDd2_090040600,PF3D7_0935300,.,2915,+,PfDd2_090040700,PF3D7_0935400,GDV1,-1298,+,,,16.75217,13.72118
PfDd2_09,annotation,macs2_peak,1368342,1368342,179,.,.,ap2i_r1_gfp_peak_306b,1,.,.,.,,PfDd2_090040600,PF3D7_0935300,.,2931,+,PfDd2_090040700,PF3D7_0935400,GDV1,-1282,+,,,20.19636,17.99251
PfDd2_09,annotation,macs2_peak,1372981,1372981,45,.,.,ap2i_r4_gfp_peak_71,1,.,.,.,,PfDd2_090040700,PF3D7_0935400,GDV1,1558,+,PfDd2_090040800,PF3D7_0935500,GEXP22,-18846,+,,,7.26707,4.56973
PfDd2_09,annotation,macs2_peak,1373018,1373018,125,.,.,ap2i_r1_gfp_peak_307,1,.,.,.,,PfDd2_090040700,PF3D7_0935400,GDV1,1595,+,PfDd2_090040800,PF3D7_0935500,GEXP22,-18809,+,,,14.64445,12.54156
PfDd2_09,annotation,macs2_peak,1384277,1384277,56,.,.,ap2i_r4_gfp_peak_72,1,.,.,.,,PfDd2_090040700,PF3D7_0935400,GDV1,12854,+,PfDd2_090040800,PF3D7_0935500,GEXP22,-7550,+,,,8.37594,5.61949
PfDd2_09,annotation,macs2_peak,1384390,1384390,132,.,.,ap2i_r1_gfp_peak_308,1,.,.,.,,PfDd2_090040700,PF3D7_0935400,GDV1,12967,+,PfDd2_090040800,PF3D7_0935500,GEXP22,-7437,+,,,15.38059,13.26478
PfDd2_10,annotation,macs2_peak,68170,68170,39,.,.,ap2i_r4_gfp_peak_75,1,.,.,.,,PfDd2_100007000,PF3D7_1001600,.,2607,-,PfDd2_100007100,PF3D7_1001700,.,-975,-,,,6.56415,3.91067
PfDd2_10,annotation,macs2_peak,68230,68230,281,.,.,ap2i_r1_gfp_peak_314,1,.,.,.,,PfDd2_100007000,PF3D7_1001600,.,2667,-,PfDd2_100007100,PF3D7_1001700,.,-915,-,,,30.55083,28.19367
PfDd2_10,annotation,macs2_peak,116476,116476,93,.,.,ap2i_r2_gfp_peak_2026,1,.,.,.,,PfDd2_100008300,PF3D7_1002900,.,1325,+,PfDd2_100008400,.,.,-1226,+,,,11.98498,9.30908
PfDd2_10,annotation,macs2_peak,116481,116481,823,.,.,ap2i_r1_gfp_peak_316,1,.,.,.,,PfDd2_100008300,PF3D7_1002900,.,1330,+,PfDd2_100008400,.,.,-1221,+,,,85.29299,82.33987
PfDd2_10,annotation,macs2_peak,116486,116486,38,.,.,ap2i_r3_gfp_peak_68,1,.,.,.,,PfDd2_100008300,PF3D7_1002900,.,1335,+,PfDd2_100008400,.,.,-1216,+,,,6.40647,3.84554
PfDd2_10,annotation,macs2_peak,139002,139002,140,.,.,ap2i_r3_gfp_peak_69,1,.,.,.,,PfDd2_100008900,PF3D7_1003500,.,2794,-,PfDd2_100009000,PF3D7_1003600,IMC1c,-1156,+,,,16.98963,14.06942
PfDd2_10,annotation,macs2_peak,139004,139004,857,.,.,ap2i_r1_gfp_peak_318,1,.,.,.,,PfDd2_100008900,PF3D7_1003500,.,2796,-,PfDd2_100009000,PF3D7_1003600,IMC1c,-1154,+,,,88.73077,85.73231
PfDd2_10,annotation,macs2_peak,139023,139023,54,.,.,ap2i_r2_gfp_peak_2028,1,.,.,.,,PfDd2_100008900,PF3D7_1003500,.,2815,-,PfDd2_100009000,PF3D7_1003600,IMC1c,-1135,+,,,7.63929,5.42452
PfDd2_10,annotation,macs2_peak,284948,284948,219,.,.,ap2i_r1_gfp_peak_323a,1,.,.,.,,PfDd2_100013100,PF3D7_1007700,ApiAP2,4177,-,PfDd2_100013200,PF3D7_1007800,.,-1324,-,,,24.23766,21.96808
PfDd2_10,annotation,macs2_peak,284955,284955,122,.,.,ap2i_r4_gfp_peak_83,1,.,.,.,,PfDd2_100013100,PF3D7_1007700,ApiAP2,4184,-,PfDd2_100013200,PF3D7_1007800,.,-1317,-,,,15.28731,12.29222
PfDd2_10,annotation,macs2_peak,285466,285466,45,.,.,ap2i_r4_gfp_peak_84,1,.,.,.,,PfDd2_100013100,PF3D7_1007700,ApiAP2,4695,-,PfDd2_100013200,PF3D7_1007800,.,-806,-,,,7.26707,4.56973
PfDd2_10,annotation,macs2_peak,285514,285514,232,.,.,ap2i_r1_gfp_peak_323b,1,.,.,.,,PfDd2_100013100,PF3D7_1007700,ApiAP2,4743,-,PfDd2_100013200,PF3D7_1007800,.,-758,-,,,25.54148,23.25140
PfDd2_10,annotation,macs2_peak,584022,584022,50,.,.,ap2i_r3_gfp_peak_73,1,.,.,.,,PfDd2_100020300,PF3D7_1014900,.,1118,-,PfDd2_100020400,PF3D7_1015000,.,-2314,+,,,7.66831,5.03832
PfDd2_10,annotation,macs2_peak,584069,584069,525,.,.,ap2i_r1_gfp_peak_332,1,.,.,.,,PfDd2_100020300,PF3D7_1014900,.,1165,-,PfDd2_100020400,PF3D7_1015000,.,-2267,+,,,55.17112,52.52397
PfDd2_10,annotation,macs2_peak,584091,584091,77,.,.,ap2i_r2_gfp_peak_2103,1,.,.,.,,PfDd2_100020300,PF3D7_1014900,.,1187,-,PfDd2_100020400,PF3D7_1015000,.,-2245,+,,,10.27154,7.71313
PfDd2_10,annotation,macs2_peak,704080,704080,775,.,.,ap2i_r1_gfp_peak_335,1,.,.,.,,PfDd2_100023600,PF3D7_1018200,PPP8,756,-,PfDd2_100023700,PF3D7_1018300,.,-709,-,,,80.43589,77.53842
PfDd2_10,annotation,macs2_peak,704099,704099,118,.,.,ap2i_r4_gfp_peak_85,1,.,.,.,,PfDd2_100023600,PF3D7_1018200,PPP8,775,-,PfDd2_100023700,PF3D7_1018300,.,-690,-,,,14.81012,11.82821
PfDd2_10,annotation,macs2_peak,704101,704101,226,.,.,ap2i_r2_gfp_peak_2125,1,.,.,.,,PfDd2_100023600,PF3D7_1018200,PPP8,777,-,PfDd2_100023700,PF3D7_1018300,.,-688,-,,,25.62899,22.63674
PfDd2_10,annotation,macs2_peak,1119412,1119412,107,.,.,ap2i_r1_gfp_peak_354a,1,.,.,.,,PfDd2_100032600,PF3D7_1027300,nPrx,315,-,PfDd2_100032700,PF3D7_1027400,RPB7,-2933,-,,,12.81936,10.75731
PfDd2_10,annotation,macs2_peak,1120444,1120444,1023,.,.,ap2i_r1_gfp_peak_354b,1,.,.,.,,PfDd2_100032600,PF3D7_1027300,nPrx,1347,-,PfDd2_100032700,PF3D7_1027400,RPB7,-1901,-,,,105.59256,102.39191
PfDd2_10,annotation,macs2_peak,1120456,1120456,504,.,.,ap2i_r2_gfp_peak_2203,1,.,.,.,,PfDd2_100032600,PF3D7_1027300,nPrx,1359,-,PfDd2_100032700,PF3D7_1027400,RPB7,-1889,-,,,53.77281,50.44363
PfDd2_10,annotation,macs2_peak,1120487,1120487,382,.,.,ap2i_r3_gfp_peak_77,1,.,.,.,,PfDd2_100032600,PF3D7_1027300,nPrx,1390,-,PfDd2_100032700,PF3D7_1027400,RPB7,-1858,-,,,41.58279,38.23254
PfDd2_10,annotation,macs2_peak,1121494,1121494,37,.,.,ap2i_r1_gfp_peak_354c,1,.,.,.,,PfDd2_100032600,PF3D7_1027300,nPrx,2397,-,PfDd2_100032700,PF3D7_1027400,RPB7,-851,-,,,5.53729,3.71316
PfDd2_10,annotation,macs2_peak,1399297,1399297,178,.,.,ap2i_r3_gfp_peak_83,1,.,.,.,,PfDd2_100041000,.,.,730,+,PfDd2_100041100,.,.,-598,+,,,20.82436,17.82068
PfDd2_10,annotation,macs2_peak,1399313,1399313,147,.,.,ap2i_r2_gfp_peak_2253,1,.,.,.,,PfDd2_100041000,.,.,746,+,PfDd2_100041100,.,.,-582,+,,,17.58227,14.74280
PfDd2_10,annotation,macs2_peak,1399346,1399346,701,.,.,ap2i_r1_gfp_peak_373,1,.,.,.,,PfDd2_100041000,.,.,779,+,PfDd2_100041100,.,.,-549,+,,,72.92528,70.10793
PfDd2_10,annotation,macs2_peak,1526884,1526884,27,.,.,ap2i_r4_gfp_peak_96,1,PfDd2_100043500,PF3D7_1038500,.,-,PfDd2_100043400,PF3D7_1038400,Pf11-1,776,+,PfDd2_100043600,PF3D7_1038600,.,-2904,-,,,5.24974,2.71015
PfDd2_10,annotation,macs2_peak,1526927,1526927,229,.,.,ap2i_r1_gfp_peak_377,1,PfDd2_100043500,PF3D7_1038500,.,-,PfDd2_100043400,PF3D7_1038400,Pf11-1,819,+,PfDd2_100043600,PF3D7_1038600,.,-2861,-,,,25.21290,22.92775
PfDd2_11,annotation,macs2_peak,122751,122751,44,.,.,ap2i_r3_gfp_peak_84,1,.,.,.,,PfDd2_110008000,PF3D7_1104800,.,2588,+,PfDd2_110008100,PF3D7_1104900,.,-2505,+,,,7.00013,4.40318
PfDd2_11,annotation,macs2_peak,122759,122759,337,.,.,ap2i_r1_gfp_peak_379,1,.,.,.,,PfDd2_110008000,PF3D7_1104800,.,2596,+,PfDd2_110008100,PF3D7_1104900,.,-2497,+,,,36.16656,33.73965
PfDd2_11,annotation,macs2_peak,252368,252368,328,.,.,ap2i_r2_gfp_peak_2331,1,.,.,.,,PfDd2_110011100,PF3D7_1107800,ApiAP2,6871,-,PfDd2_110011200,PF3D7_1107900,.,-1392,-,,,35.99856,32.86498
PfDd2_11,annotation,macs2_peak,252368,252368,418,.,.,ap2i_r3_gfp_peak_89,1,.,.,.,,PfDd2_110011100,PF3D7_1107800,ApiAP2,6871,-,PfDd2_110011200,PF3D7_1107900,.,-1392,-,,,45.28653,41.88574
PfDd2_11,annotation,macs2_peak,252381,252381,1040,.,.,ap2i_r1_gfp_peak_382,1,.,.,.,,PfDd2_110011100,PF3D7_1107800,ApiAP2,6884,-,PfDd2_110011200,PF3D7_1107900,.,-1379,-,,,107.27745,104.05711
PfDd2_11,annotation,macs2_peak,281321,281321,58,.,.,ap2i_r3_gfp_peak_90,1,.,.,.,,PfDd2_110011900,PF3D7_1108600,ERC,749,-,PfDd2_110012000,PF3D7_1108700,.,-1825,-,,,8.55178,5.88043
PfDd2_11,annotation,macs2_peak,281477,281477,62,.,.,ap2i_r2_gfp_peak_2338,1,.,.,.,,PfDd2_110011900,PF3D7_1108600,ERC,905,-,PfDd2_110012000,PF3D7_1108700,.,-1669,-,,,8.65453,6.28050
PfDd2_11,annotation,macs2_peak,281505,281505,578,.,.,ap2i_r1_gfp_peak_384,1,.,.,.,,PfDd2_110011900,PF3D7_1108600,ERC,933,-,PfDd2_110012000,PF3D7_1108700,.,-1641,-,,,60.54850,57.84570
PfDd2_11,annotation,macs2_peak,1052390,1052390,46,.,.,ap2i_r2_gfp_peak_2464,1,.,.,.,,PfDd2_110032500,PF3D7_1129300,.,598,-,PfDd2_110032600,PF3D7_1129400,.,-622,-,,,6.63810,4.62012
PfDd2_11,annotation,macs2_peak,1052396,1052396,489,.,.,ap2i_r1_gfp_peak_413,1,.,.,.,,PfDd2_110032500,PF3D7_1129300,.,604,-,PfDd2_110032600,PF3D7_1129400,.,-616,-,,,51.54055,48.93633
PfDd2_11,annotation,macs2_peak,1052420,1052420,71,.,.,ap2i_r3_gfp_peak_94,1,.,.,.,,PfDd2_110032500,PF3D7_1129300,.,628,-,PfDd2_110032600,PF3D7_1129400,.,-592,-,,,9.89655,7.17192
PfDd2_11,annotation,macs2_peak,1400190,1400190,13,.,.,ap2i_r3_gfp_peak_95a,1,.,.,.,,PfDd2_110041100,PF3D7_1137900,.,337,+,PfDd2_110041200,PF3D7_1138000,.,-1368,+,,,3.60815,1.30674
PfDd2_11,annotation,macs2_peak,1400483,1400483,495,.,.,ap2i_r1_gfp_peak_427,1,.,.,.,,PfDd2_110041100,PF3D7_1137900,.,630,+,PfDd2_110041200,PF3D7_1138000,.,-1075,+,,,52.17009,49.55679
PfDd2_11,annotation,macs2_peak,1400495,1400495,52,.,.,ap2i_r3_gfp_peak_95b,1,.,.,.,,PfDd2_110041100,PF3D7_1137900,.,642,+,PfDd2_110041200,PF3D7_1138000,.,-1063,+,,,7.89458,5.25293
PfDd2_11,annotation,macs2_peak,1744685,1744685,100,.,.,ap2i_r1_gfp_peak_441,1,.,.,.,,PfDd2_110049300,PF3D7_1146500,LRR10,5,+,PfDd2_110049400,PF3D7_1146600,NFYB,-2796,+,,,12.08972,10.04560
PfDd2_11,annotation,macs2_peak,1744703,1744703,35,.,.,ap2i_r4_gfp_peak_106,1,.,.,.,,PfDd2_110049300,PF3D7_1146500,LRR10,23,+,PfDd2_110049400,PF3D7_1146600,NFYB,-2778,+,,,6.22393,3.59530
PfDd2_12,annotation,macs2_peak,820939,820939,51,.,.,ap2i_r3_gfp_peak_102,1,.,.,.,,PfDd2_120025400,PF3D7_1221000,SET10,1530,-,PfDd2_120025500,PF3D7_1221100,.,-2045,+,,,7.78076,5.14105
PfDd2_12,annotation,macs2_peak,820950,820950,221,.,.,ap2i_r1_gfp_peak_463,1,.,.,.,,PfDd2_120025400,PF3D7_1221000,SET10,1541,-,PfDd2_120025500,PF3D7_1221100,.,-2034,+,,,24.42211,22.15113
PfDd2_12,annotation,macs2_peak,820982,820982,54,.,.,ap2i_r2_gfp_peak_2771,1,.,.,.,,PfDd2_120025400,PF3D7_1221000,SET10,1573,-,PfDd2_120025500,PF3D7_1221100,.,-2002,+,,,7.63929,5.42452
PfDd2_12,annotation,macs2_peak,1043260,1043260,55,.,.,ap2i_r4_gfp_peak_116,1,.,.,.,,PfDd2_120031000,PF3D7_1226000,.,1212,-,PfDd2_120031100,PF3D7_1226100,HAD3,-734,+,,,8.27236,5.52984
PfDd2_12,annotation,macs2_peak,1043264,1043264,45,.,.,ap2i_r1_gfp_peak_472,1,.,.,.,,PfDd2_120031000,PF3D7_1226000,.,1216,-,PfDd2_120031100,PF3D7_1226100,HAD3,-730,+,,,6.36436,4.50668
PfDd2_12,annotation,macs2_peak,1590773,1590773,317,.,.,ap2i_r1_gfp_peak_490a,1,.,.,.,,PfDd2_120043500,PF3D7_1238700,.,571,+,PfDd2_120043600,PF3D7_1238800,ACS11,-2232,+,,,34.10556,31.70411
PfDd2_12,annotation,macs2_peak,1591304,1591304,284,.,.,ap2i_r1_gfp_peak_490b,1,.,.,.,,PfDd2_120043500,PF3D7_1238700,.,1102,+,PfDd2_120043600,PF3D7_1238800,ACS11,-1701,+,,,30.82928,28.46816
PfDd2_12,annotation,macs2_peak,1591368,1591368,54,.,.,ap2i_r3_gfp_peak_111,1,.,.,.,,PfDd2_120043500,PF3D7_1238700,.,1166,+,PfDd2_120043600,PF3D7_1238800,ACS11,-1637,+,,,8.05247,5.40279
PfDd2_12,annotation,macs2_peak,1921624,1921624,181,.,.,ap2i_r3_gfp_peak_115a,1,.,.,.,,PfDd2_120051300,PF3D7_1246100,ALAS,1769,+,PfDd2_120051400,PF3D7_1246200,ACT1,-1229,+,,,21.13274,18.12182
PfDd2_12,annotation,macs2_peak,1921636,1921636,223,.,.,ap2i_r2_gfp_peak_2998a,1,.,.,.,,PfDd2_120051300,PF3D7_1246100,ALAS,1781,+,PfDd2_120051400,PF3D7_1246200,ACT1,-1217,+,,,25.29677,22.30935
PfDd2_12,annotation,macs2_peak,1921636,1921636,979,.,.,ap2i_r1_gfp_peak_502a,1,.,.,.,,PfDd2_120051300,PF3D7_1246100,ALAS,1781,+,PfDd2_120051400,PF3D7_1246200,ACT1,-1217,+,,,101.14452,97.99494
PfDd2_12,annotation,macs2_peak,1921993,1921993,226,.,.,ap2i_r2_gfp_peak_2998b,1,.,.,.,,PfDd2_120051300,PF3D7_1246100,ALAS,2138,+,PfDd2_120051400,PF3D7_1246200,ACT1,-860,+,,,25.62899,22.63674
PfDd2_12,annotation,macs2_peak,1922001,1922001,720,.,.,ap2i_r1_gfp_peak_502b,1,.,.,.,,PfDd2_120051300,PF3D7_1246100,ALAS,2146,+,PfDd2_120051400,PF3D7_1246200,ACT1,-852,+,,,74.90234,72.06739
PfDd2_12,annotation,macs2_peak,1922011,1922011,169,.,.,ap2i_r3_gfp_peak_115b,1,.,.,.,,PfDd2_120051300,PF3D7_1246100,ALAS,2156,+,PfDd2_120051400,PF3D7_1246200,ACT1,-842,+,,,19.91063,16.92788
PfDd2_12,annotation,macs2_peak,2125207,2125207,288,.,.,ap2i_r2_gfp_peak_3030,1,.,.,.,,PfDd2_120057300,PF3D7_1252100,RON3,945,-,PfDd2_120057400,PF3D7_1252200,CHT1,-2012,+,,,31.88267,28.80622
PfDd2_12,annotation,macs2_peak,2125210,2125210,209,.,.,ap2i_r3_gfp_peak_116,1,.,.,.,,PfDd2_120057300,PF3D7_1252100,RON3,948,-,PfDd2_120057400,PF3D7_1252200,CHT1,-2009,+,,,23.99112,20.91696
PfDd2_12,annotation,macs2_peak,2125210,2125210,949,.,.,ap2i_r1_gfp_peak_507,1,.,.,.,,PfDd2_120057300,PF3D7_1252100,RON3,948,-,PfDd2_120057400,PF3D7_1252200,CHT1,-2009,+,,,98.02201,94.91505
PfDd2_12,annotation,macs2_peak,2125725,2125725,28,.,.,ap2i_r3_gfp_peak_117,1,.,.,.,,PfDd2_120057300,PF3D7_1252100,RON3,1463,-,PfDd2_120057400,PF3D7_1252200,CHT1,-1494,+,,,5.38603,2.88301
PfDd2_13,annotation,macs2_peak,338736,338736,829,.,.,ap2i_r1_gfp_peak_517,1,PfDd2_130012700,PF3D7_1307000,RRP40,-,PfDd2_130012600,PF3D7_1306900,.,786,+,PfDd2_130012800,PF3D7_1307100,.,-2057,+,,,85.94649,82.98591
PfDd2_13,annotation,macs2_peak,338738,338738,377,.,.,ap2i_r2_gfp_peak_3092,1,PfDd2_130012700,PF3D7_1307000,RRP40,-,PfDd2_130012600,PF3D7_1306900,.,788,+,PfDd2_130012800,PF3D7_1307100,.,-2055,+,,,40.91064,37.72237
PfDd2_13,annotation,macs2_peak,338750,338750,476,.,.,ap2i_r3_gfp_peak_118,1,PfDd2_130012700,PF3D7_1307000,RRP40,-,PfDd2_130012600,PF3D7_1306900,.,800,+,PfDd2_130012800,PF3D7_1307100,.,-2043,+,,,51.09855,47.62916
PfDd2_13,annotation,macs2_peak,656609,656609,42,.,.,ap2i_r4_gfp_peak_125,1,.,.,.,,PfDd2_130021100,PF3D7_1315200,.,1129,-,PfDd2_130021200,PF3D7_1315300,.,-695,+,,,6.93509,4.25783
PfDd2_13,annotation,macs2_peak,656674,656674,346,.,.,ap2i_r1_gfp_peak_525,1,.,.,.,,PfDd2_130021100,PF3D7_1315200,.,1194,-,PfDd2_130021200,PF3D7_1315300,.,-630,+,,,37.08509,34.64549
PfDd2_13,annotation,macs2_peak,908299,908299,37,.,.,ap2i_r2_gfp_peak_3181,1,.,.,.,,PfDd2_130027400,PF3D7_1321500,PDEbeta,869,-,PfDd2_130027500,PF3D7_1321600,PDEgamma,-2060,+,,,5.49262,3.71588
PfDd2_13,annotation,macs2_peak,908364,908364,351,.,.,ap2i_r1_gfp_peak_531,1,.,.,.,,PfDd2_130027400,PF3D7_1321500,PDEbeta,934,-,PfDd2_130027500,PF3D7_1321600,PDEgamma,-1995,+,,,37.56665,35.12183
PfDd2_13,annotation,macs2_peak,908417,908417,36,.,.,ap2i_r3_gfp_peak_121,1,.,.,.,,PfDd2_130027400,PF3D7_1321500,PDEbeta,987,-,PfDd2_130027500,PF3D7_1321600,PDEgamma,-1942,+,,,6.23706,3.68637
PfDd2_13,annotation,macs2_peak,994119,994119,80,.,.,ap2i_r2_gfp_peak_3198,1,.,.,.,,PfDd2_130029500,PF3D7_1323600,.,1297,+,PfDd2_130029600,PF3D7_1323700,GAPM1,-1079,+,,,10.62591,8.03394
PfDd2_13,annotation,macs2_peak,994136,994136,745,.,.,ap2i_r1_gfp_peak_532,1,.,.,.,,PfDd2_130029500,PF3D7_1323600,.,1314,+,PfDd2_130029600,PF3D7_1323700,GAPM1,-1062,+,,,77.40017,74.53961
PfDd2_13,annotation,macs2_peak,994143,994143,59,.,.,ap2i_r4_gfp_peak_129,1,.,.,.,,PfDd2_130029500,PF3D7_1323600,.,1321,+,PfDd2_130029600,PF3D7_1323700,GAPM1,-1055,+,,,8.75966,5.98587
PfDd2_13,annotation,macs2_peak,1225597,1225597,35,.,.,ap2i_r2_gfp_peak_3236,1,.,.,.,,PfDd2_130034600,.,.,193,+,PfDd2_130034700,PF3D7_1328800,SIR2A,-1044,+,,,5.27851,3.54821
PfDd2_13,annotation,macs2_peak,1225674,1225674,31,.,.,ap2i_r3_gfp_peak_122,1,.,.,.,,PfDd2_130034600,.,.,270,+,PfDd2_130034700,PF3D7_1328800,SIR2A,-967,+,,,5.70695,3.18854
PfDd2_13,annotation,macs2_peak,1225710,1225710,403,.,.,ap2i_r1_gfp_peak_542,1,.,.,.,,PfDd2_130034600,.,.,306,+,PfDd2_130034700,PF3D7_1328800,SIR2A,-931,+,,,42.90645,40.39760
PfDd2_13,annotation,macs2_peak,1428105,1428105,109,.,.,ap2i_r2_gfp_peak_3272,1,.,.,.,,PfDd2_130040700,PF3D7_1334800,MSRP2,2095,-,PfDd2_130040800,PF3D7_1335000,MSRP1,-278,-,,,13.67735,10.93277
PfDd2_13,annotation,macs2_peak,1428132,1428132,481,.,.,ap2i_r1_gfp_peak_549,1,.,.,.,,PfDd2_130040700,PF3D7_1334800,MSRP2,2122,-,PfDd2_130040800,PF3D7_1335000,MSRP1,-251,-,,,50.69615,48.10225
PfDd2_13,annotation,macs2_peak,1428164,1428164,56,.,.,ap2i_r4_gfp_peak_130,1,.,.,.,,PfDd2_130040700,PF3D7_1334800,MSRP2,2154,-,PfDd2_130040800,PF3D7_1335000,MSRP1,-219,-,,,8.37594,5.61949
PfDd2_13,annotation,macs2_peak,1439520,1439520,109,.,.,ap2i_r2_gfp_peak_3275,1,.,.,.,,PfDd2_130041000,.,.,2776,-,PfDd2_130041200,.,.,-13164,+,,,13.73826,10.99249
PfDd2_13,annotation,macs2_peak,1439535,1439535,443,.,.,ap2i_r1_gfp_peak_553,1,.,.,.,,PfDd2_130041000,.,.,2791,-,PfDd2_130041200,.,.,-13149,+,,,46.90850,44.35463
PfDd2_13,annotation,macs2_peak,1439543,1439543,52,.,.,ap2i_r3_gfp_peak_124,1,.,.,.,,PfDd2_130041000,.,.,2799,-,PfDd2_130041200,.,.,-13141,+,,,7.92724,5.28446
PfDd2_13,annotation,macs2_peak,1588747,1588747,151,.,.,ap2i_r1_gfp_peak_558,1,PfDd2_130045000,.,.,-,PfDd2_130044900,.,.,1513,+,PfDd2_130045100,PF3D7_1339300,.,-6260,+,,,17.28933,15.13794
PfDd2_13,annotation,macs2_peak,1588748,1588748,85,.,.,ap2i_r4_gfp_peak_132,1,PfDd2_130045000,.,.,-,PfDd2_130044900,.,.,1514,+,PfDd2_130045100,PF3D7_1339300,.,-6259,+,,,11.46974,8.59624
PfDd2_13,annotation,macs2_peak,1793588,1793588,555,.,.,ap2i_r1_gfp_peak_569a,1,.,.,.,,PfDd2_130050100,PF3D7_1344300,.,3066,-,PfDd2_130050200,PF3D7_1344400,.,-3247,-,,,58.26574,55.58585
PfDd2_13,annotation,macs2_peak,1793600,1793600,92,.,.,ap2i_r3_gfp_peak_129,1,.,.,.,,PfDd2_130050100,PF3D7_1344300,.,3078,-,PfDd2_130050200,PF3D7_1344400,.,-3235,-,,,11.99423,9.21267
PfDd2_13,annotation,macs2_peak,1794109,1794109,207,.,.,ap2i_r1_gfp_peak_569b,1,.,.,.,,PfDd2_130050100,PF3D7_1344300,.,3587,-,PfDd2_130050200,PF3D7_1344400,.,-2726,-,,,22.96196,20.71297
PfDd2_13,annotation,macs2_peak,2069311,2069311,54,.,.,ap2i_r3_gfp_peak_130,1,.,.,.,,PfDd2_130057400,PF3D7_1351600,GK,1456,+,PfDd2_130057500,PF3D7_1351700,IMC1f,-1464,+,,,8.11107,5.45929
PfDd2_13,annotation,macs2_peak,2069314,2069314,391,.,.,ap2i_r1_gfp_peak_577,1,.,.,.,,PfDd2_130057400,PF3D7_1351600,GK,1459,+,PfDd2_130057500,PF3D7_1351700,IMC1f,-1461,+,,,41.61601,39.12128
PfDd2_13,annotation,macs2_peak,2261483,2261483,74,.,.,ap2i_r2_gfp_peak_3427,1,.,.,.,,PfDd2_130062600,PF3D7_1356700,.,1423,+,PfDd2_130062700,PF3D7_1356800,ARK3,-1658,+,,,9.97020,7.43829
PfDd2_13,annotation,macs2_peak,2261488,2261488,746,.,.,ap2i_r1_gfp_peak_582,1,.,.,.,,PfDd2_130062600,PF3D7_1356700,.,1428,+,PfDd2_130062700,PF3D7_1356800,ARK3,-1653,+,,,77.52904,74.66811
PfDd2_13,annotation,macs2_peak,2261498,2261498,85,.,.,ap2i_r3_gfp_peak_131,1,.,.,.,,PfDd2_130062600,PF3D7_1356700,.,1438,+,PfDd2_130062700,PF3D7_1356800,ARK3,-1643,+,,,11.27513,8.51295
PfDd2_13,annotation,macs2_peak,2804282,2804282,40,.,.,ap2i_r2_gfp_peak_3504,1,PfDd2_130076100,PF3D7_1370300,MAHRP1,+,PfDd2_130076000,.,.,5017,+,PfDd2_130076200,.,.,-11298,+,,,5.96101,4.07530
PfDd2_13,annotation,macs2_peak,2804289,2804289,38,.,.,ap2i_r3_gfp_peak_132,1,PfDd2_130076100,PF3D7_1370300,MAHRP1,+,PfDd2_130076000,.,.,5024,+,PfDd2_130076200,.,.,-11291,+,,,6.43992,3.87171
PfDd2_13,annotation,macs2_peak,2804296,2804296,172,.,.,ap2i_r4_gfp_peak_135,1,PfDd2_130076100,PF3D7_1370300,MAHRP1,+,PfDd2_130076000,.,.,5031,+,PfDd2_130076200,.,.,-11284,+,,,20.35584,17.24839
PfDd2_14,annotation,macs2_peak,348923,348923,47,.,.,ap2i_r2_gfp_peak_3582a,1,.,.,.,,PfDd2_140014000,PF3D7_1409400,.,869,-,PfDd2_140014200,PF3D7_1409600,.,-6925,+,,,6.86936,4.79579
PfDd2_14,annotation,macs2_peak,348950,348950,339,.,.,ap2i_r1_gfp_peak_603a,1,.,.,.,,PfDd2_140014000,PF3D7_1409400,.,896,-,PfDd2_140014200,PF3D7_1409600,.,-6898,+,,,36.39564,33.96503
PfDd2_14,annotation,macs2_peak,348991,348991,109,.,.,ap2i_r3_gfp_peak_135a,1,.,.,.,,PfDd2_140014000,PF3D7_1409400,.,937,-,PfDd2_140014200,PF3D7_1409600,.,-6857,+,,,13.74732,10.91766
PfDd2_14,annotation,macs2_peak,349272,349272,146,.,.,ap2i_r3_gfp_peak_135b,1,.,.,.,,PfDd2_140014000,PF3D7_1409400,.,1218,-,PfDd2_140014200,PF3D7_1409600,.,-6576,+,,,17.53849,14.60920
PfDd2_14,annotation,macs2_peak,349314,349314,360,.,.,ap2i_r1_gfp_peak_603b,1,.,.,.,,PfDd2_140014000,PF3D7_1409400,.,1260,-,PfDd2_140014200,PF3D7_1409600,.,-6534,+,,,38.46828,36.01098
PfDd2_14,annotation,macs2_peak,349328,349328,35,.,.,ap2i_r2_gfp_peak_3582b,1,.,.,.,,PfDd2_140014000,PF3D7_1409400,.,1274,-,PfDd2_140014200,PF3D7_1409600,.,-6520,+,,,5.27851,3.54821
PfDd2_14,annotation,macs2_peak,462472,462472,696,.,.,ap2i_r1_gfp_peak_606,1,.,.,.,,PfDd2_140016500,PF3D7_1411900,.,394,+,PfDd2_140016600,PF3D7_1412000,.,-627,+,,,72.43401,69.62160
PfDd2_14,annotation,macs2_peak,462488,462488,80,.,.,ap2i_r3_gfp_peak_137,1,.,.,.,,PfDd2_140016500,PF3D7_1411900,.,410,+,PfDd2_140016600,PF3D7_1412000,.,-611,+,,,10.80673,8.05636
PfDd2_14,annotation,macs2_peak,462564,462564,38,.,.,ap2i_r2_gfp_peak_3602a,1,.,.,.,,PfDd2_140016500,PF3D7_1411900,.,486,+,PfDd2_140016600,PF3D7_1412000,.,-535,+,,,5.61481,3.80706
PfDd2_14,annotation,macs2_peak,462829,462829,31,.,.,ap2i_r2_gfp_peak_3602b,1,.,.,.,,PfDd2_140016500,PF3D7_1411900,.,751,+,PfDd2_140016600,PF3D7_1412000,.,-270,+,,,4.79289,3.17931
PfDd2_14,annotation,macs2_peak,463100,463100,21,.,.,ap2i_r5_gfp_peak_227,1,PfDd2_140016600,PF3D7_1412000,.,+,PfDd2_140016500,PF3D7_1411900,.,1022,+,PfDd2_140016700,PF3D7_1412100,.,-1985,+,,,4.51755,2.15179
PfDd2_14,annotation,macs2_peak,509417,509417,135,.,.,ap2i_r1_gfp_peak_607,1,PfDd2_140017700,PF3D7_1413100,.,+,PfDd2_140017600,PF3D7_1413000,.,3721,-,PfDd2_140017800,PF3D7_1413200,.,-1006,-,,,15.65230,13.52829
PfDd2_14,annotation,macs2_peak,509564,509564,35,.,.,ap2i_r4_gfp_peak_139,1,.,.,.,,PfDd2_140017700,PF3D7_1413100,.,16,+,PfDd2_140017800,PF3D7_1413200,.,-859,-,,,6.22393,3.59530
PfDd2_14,annotation,macs2_peak,660579,660579,82,.,.,ap2i_r4_gfp_peak_140,1,.,.,.,,PfDd2_140021200,PF3D7_1416600,.,1756,-,PfDd2_140021300,PF3D7_1416700,.,-536,-,,,11.10064,8.24088
PfDd2_14,annotation,macs2_peak,660580,660580,252,.,.,ap2i_r1_gfp_peak_612,1,.,.,.,,PfDd2_140021200,PF3D7_1416600,.,1757,-,PfDd2_140021300,PF3D7_1416700,.,-535,-,,,27.53727,25.22144
PfDd2_14,annotation,macs2_peak,762357,762357,54,.,.,ap2i_r4_gfp_peak_141,1,PfDd2_140023600,.,.,-,PfDd2_140023500,.,.,1253,+,PfDd2_140023700,PF3D7_1418900,DBP4,-803,-,,,8.22621,5.48440
PfDd2_14,annotation,macs2_peak,762361,762361,188,.,.,ap2i_r1_gfp_peak_613,1,PfDd2_140023600,.,.,-,PfDd2_140023500,.,.,1257,+,PfDd2_140023700,PF3D7_1418900,DBP4,-799,-,,,21.10188,18.88331
PfDd2_14,annotation,macs2_peak,1165614,1165614,614,.,.,ap2i_r1_gfp_peak_619,1,PfDd2_140034500,PF3D7_1430100,PTPA,+,PfDd2_140034400,PF3D7_1430000,.,3089,-,PfDd2_140034600,PF3D7_1430200,.,-2316,+,,,64.15939,61.42521
PfDd2_14,annotation,macs2_peak,1165661,1165661,47,.,.,ap2i_r3_gfp_peak_138,1,PfDd2_140034500,PF3D7_1430100,PTPA,+,PfDd2_140034400,PF3D7_1430000,.,3136,-,PfDd2_140034600,PF3D7_1430200,.,-2269,+,,,7.38565,4.76777
PfDd2_14,annotation,macs2_peak,1165690,1165690,64,.,.,ap2i_r2_gfp_peak_3732,1,PfDd2_140034500,PF3D7_1430100,PTPA,+,PfDd2_140034400,PF3D7_1430000,.,3165,-,PfDd2_140034600,PF3D7_1430200,.,-2240,+,,,8.80407,6.41789
PfDd2_14,annotation,macs2_peak,1166249,1166249,188,.,.,ap2i_r1_gfp_peak_620a,1,PfDd2_140034500,PF3D7_1430100,PTPA,+,PfDd2_140034400,PF3D7_1430000,.,3724,-,PfDd2_140034600,PF3D7_1430200,.,-1681,+,,,21.10188,18.88331
PfDd2_14,annotation,macs2_peak,1166731,1166731,21,.,.,ap2i_r3_gfp_peak_139a,1,.,.,.,,PfDd2_140034500,PF3D7_1430100,PTPA,102,+,PfDd2_140034600,PF3D7_1430200,.,-1199,+,,,4.62238,2.18956
PfDd2_14,annotation,macs2_peak,1166945,1166945,25,.,.,ap2i_r2_gfp_peak_3733,1,.,.,.,,PfDd2_140034500,PF3D7_1430100,PTPA,316,+,PfDd2_140034600,PF3D7_1430200,.,-985,+,,,3.89041,2.50240
PfDd2_14,annotation,macs2_peak,1166952,1166952,445,.,.,ap2i_r1_gfp_peak_620b,1,.,.,.,,PfDd2_140034500,PF3D7_1430100,PTPA,323,+,PfDd2_140034600,PF3D7_1430200,.,-978,+,,,47.09082,44.53389
PfDd2_14,annotation,macs2_peak,1166971,1166971,21,.,.,ap2i_r3_gfp_peak_139b,1,.,.,.,,PfDd2_140034500,PF3D7_1430100,PTPA,342,+,PfDd2_140034600,PF3D7_1430200,.,-959,+,,,4.55443,2.13264
PfDd2_14,annotation,macs2_peak,1217771,1217771,857,.,.,ap2i_r1_gfp_peak_621,1,.,.,.,,PfDd2_140035800,PF3D7_1431400,.,626,-,PfDd2_140035900,PF3D7_1431500,MAPK1,-1093,-,,,88.73077,85.73231
PfDd2_14,annotation,macs2_peak,1217782,1217782,109,.,.,ap2i_r3_gfp_peak_140,1,.,.,.,,PfDd2_140035800,PF3D7_1431400,.,637,-,PfDd2_140035900,PF3D7_1431500,MAPK1,-1082,-,,,13.74732,10.91766
PfDd2_14,annotation,macs2_peak,1217783,1217783,147,.,.,ap2i_r2_gfp_peak_3744,1,.,.,.,,PfDd2_140035800,PF3D7_1431400,.,638,-,PfDd2_140035900,PF3D7_1431500,MAPK1,-1081,-,,,17.58227,14.74280
PfDd2_14,annotation,macs2_peak,1398689,1398689,21,.,.,ap2i_r2_gfp_peak_3778,1,.,.,.,,PfDd2_140039500,PF3D7_1435100,.,1593,-,PfDd2_140039600,PF3D7_1435200,.,-772,+,,,3.41724,2.15434
PfDd2_14,annotation,macs2_peak,1398730,1398730,458,.,.,ap2i_r1_gfp_peak_627,1,.,.,.,,PfDd2_140039500,PF3D7_1435100,.,1634,-,PfDd2_140039600,PF3D7_1435200,.,-731,+,,,48.37361,45.80360
PfDd2_14,annotation,macs2_peak,1398772,1398772,74,.,.,ap2i_r4_gfp_peak_142,1,.,.,.,,PfDd2_140039500,PF3D7_1435100,.,1676,-,PfDd2_140039600,PF3D7_1435200,.,-689,+,,,10.25127,7.42183
PfDd2_14,annotation,macs2_peak,1616948,1616948,13,.,.,ap2i_r3_gfp_peak_142a,1,.,.,.,,PfDd2_140044600,PF3D7_1440100,.,598,-,PfDd2_140044700,PF3D7_1440200,SPP,-2632,+,,,3.63469,1.33084
PfDd2_14,annotation,macs2_peak,1616966,1616966,544,.,.,ap2i_r1_gfp_peak_639a,1,.,.,.,,PfDd2_140044600,PF3D7_1440100,.,616,-,PfDd2_140044700,PF3D7_1440200,SPP,-2614,+,,,57.08240,54.41523
PfDd2_14,annotation,macs2_peak,1616968,1616968,82,.,.,ap2i_r2_gfp_peak_3814,1,.,.,.,,PfDd2_140044600,PF3D7_1440100,.,618,-,PfDd2_140044700,PF3D7_1440200,SPP,-2612,+,,,10.85612,8.24642
PfDd2_14,annotation,macs2_peak,1617083,1617083,20,.,.,ap2i_r3_gfp_peak_142b,1,.,.,.,,PfDd2_140044600,PF3D7_1440100,.,733,-,PfDd2_140044700,PF3D7_1440200,SPP,-2497,+,,,4.42288,2.00907
PfDd2_14,annotation,macs2_peak,1617414,1617414,80,.,.,ap2i_r1_gfp_peak_639b,1,.,.,.,,PfDd2_140044600,PF3D7_1440100,.,1064,-,PfDd2_140044700,PF3D7_1440200,SPP,-2166,+,,,10.01523,8.02792
PfDd2_14,annotation,macs2_peak,2324115,2324115,69,.,.,ap2i_r2_gfp_peak_3917,1,.,.,.,,PfDd2_140061600,PF3D7_1457200,TRX1,367,-,PfDd2_140061700,PF3D7_1457300,.,-1521,-,,,9.42496,6.95881
PfDd2_14,annotation,macs2_peak,2324123,2324123,523,.,.,ap2i_r1_gfp_peak_653,1,.,.,.,,PfDd2_140061600,PF3D7_1457200,TRX1,375,-,PfDd2_140061700,PF3D7_1457300,.,-1513,-,,,55.04119,52.39786
PfDd2_14,annotation,macs2_peak,2324220,2324220,18,.,.,ap2i_r3_gfp_peak_144,1,.,.,.,,PfDd2_140061600,PF3D7_1457200,TRX1,472,-,PfDd2_140061700,PF3D7_1457300,.,-1416,-,,,4.27135,1.87524
